county_state,num_hospitals,num_acute_care_hospitals,avg_acute_care_rating,median_acute_care_rating,pct_acute_care
"LOS ANGELES, CA",91,76.0,2.84,3.0,83.52
"COOK, IL",58,46.0,2.53,2.0,79.31
"HARRIS, TX",50,36.0,3.0,3.0,72.0
"MARICOPA, AZ",45,32.0,3.16,3.0,71.11
"DALLAS, TX",31,25.0,3.33,3.0,80.65
"TARRANT, TX",28,23.0,3.19,3.0,82.14
"ORANGE, CA",28,24.0,3.0,3.0,85.71
"CLARK, NV",24,17.0,1.5,1.0,70.83
"PHILADELPHIA, PA",23,15.0,2.31,2.0,65.22
"KING, WA",21,15.0,3.62,4.0,71.43
"OKLAHOMA, OK",21,19.0,3.23,3.0,90.48
"SAN BERNARDINO, CA",20,15.0,2.6,3.0,75.0
"ALLEGHENY, PA",19,15.0,2.6,3.0,78.95
"MIAMI-DADE, FL",19,17.0,2.12,2.0,89.47
"SAN DIEGO, CA",19,15.0,3.67,4.0,78.95
"WAYNE, MI",18,14.0,2.5,2.0,77.78
"SAN JUAN, PR",18,16.0,1.0,1.0,88.89
"CUYAHOGA, OH",18,15.0,4.27,4.0,83.33
"RIVERSIDE, CA",17,16.0,2.38,2.0,94.12
"BEXAR, TX",17,13.0,3.25,3.0,76.47
"FRANKLIN, OH",17,10.0,3.0,3.0,58.82
"ALAMEDA, CA",16,12.0,2.75,2.5,75.0
"BROWARD, FL",16,14.0,2.21,2.0,87.5
"TRAVIS, TX",16,9.0,3.86,4.0,56.25
"NEW YORK, NY",16,12.0,2.7,3.0,75.0
"TULSA, OK",16,12.0,3.36,4.0,75.0
"SALT LAKE, UT",16,10.0,3.67,4.0,62.5
"MONTGOMERY, PA",15,11.0,3.38,4.0,73.33
"SUFFOLK, MA",15,10.0,3.33,3.0,66.67
"BALTIMORE CITY, MD",14,12.0,3.18,3.0,85.71
"OAKLAND, MI",14,12.0,3.56,3.0,85.71
"SUFFOLK, NY",14,10.0,2.2,2.5,71.43
"MIDDLESEX, MA",14,11.0,3.18,3.0,78.57
"COLLIN, TX",14,11.0,3.2,3.0,78.57
"PALM BEACH, FL",13,12.0,2.08,2.0,92.31
"MARION, IN",13,9.0,3.57,4.0,69.23
"DENTON, TX",13,10.0,3.57,4.0,76.92
"KINGS, NY",13,12.0,1.33,1.0,92.31
"SAN FRANCISCO, CA",12,10.0,3.0,3.0,83.33
"SANTA CLARA, CA",12,9.0,2.67,3.0,75.0
"PULASKI, AR",12,8.0,2.38,1.5,66.67
"SACRAMENTO, CA",12,8.0,2.88,3.0,66.67
"HAMILTON, OH",12,8.0,3.88,4.0,66.67
"PINELLAS, FL",12,10.0,2.6,3.0,83.33
"PIMA, AZ",12,9.0,2.5,2.0,75.0
"EL PASO, TX",12,9.0,2.83,2.5,75.0
"JACKSON, MO",12,9.0,3.11,4.0,75.0
"LAFAYETTE, LA",11,8.0,3.83,4.0,72.73
"SHELBY, TN",11,6.0,2.0,2.0,54.55
"JOHNSON, KS",11,9.0,3.0,3.0,81.82
"KERN, CA",11,7.0,1.71,2.0,63.64
"HONOLULU, HI",11,7.0,4.14,4.0,63.64
"ST. LOUIS, MO",11,9.0,2.78,2.0,81.82
"DOUGLAS, NE",11,8.0,3.2,3.0,72.73
"LAKE, IN",11,9.0,3.67,4.0,81.82
"WESTCHESTER, NY",11,9.0,2.22,2.0,81.82
"MILWAUKEE, WI",11,8.0,3.33,3.5,72.73
"E. BATON ROUGE, LA",11,7.0,2.6,3.0,63.64
"JEFFERSON, AL",10,8.0,2.57,2.0,80.0
"LUCAS, OH",10,8.0,3.25,3.0,80.0
"NASSAU, NY",10,10.0,2.1,2.0,100.0
"THE DISTRICT, DC",10,7.0,1.43,1.0,70.0
"HILLSBOROUGH, FL",10,9.0,2.89,3.0,90.0
"DAVIDSON, TN",10,9.0,2.75,2.5,90.0
"BREVARD, FL",9,7.0,2.86,3.0,77.78
"FULTON, GA",9,7.0,2.29,2.0,77.78
"ORLEANS, LA",9,5.0,2.0,2.0,55.56
"SONOMA, CA",9,7.0,3.8,4.0,77.78
"DUVAL, FL",9,7.0,2.86,3.0,77.78
"HENNEPIN, MN",9,8.0,3.14,3.0,88.89
"ERIE, NY",9,6.0,2.0,2.0,66.67
"ST. TAMMANY, LA",9,6.0,3.5,3.5,66.67
"WORCESTER, MA",9,7.0,2.67,3.0,77.78
"NEW HAVEN, CT",9,8.0,2.57,3.0,88.89
"GREENVILLE, SC",9,6.0,4.0,4.0,66.67
"BRISTOL, MA",8,4.0,2.0,2.0,50.0
"CADDO, LA",8,4.0,2.33,3.0,50.0
"ESSEX, NJ",8,7.0,2.57,2.0,87.5
"BUCKS, PA",8,7.0,3.6,3.0,87.5
"CONTRA COSTA, CA",8,7.0,3.29,3.0,87.5
"WILLIAMSON, TX",8,5.0,4.0,4.0,62.5
"ST. LOUIS, MN",8,5.0,3.4,3.0,62.5
"SAN JOAQUIN, CA",8,7.0,2.43,2.0,87.5
"HARTFORD, CT",8,7.0,2.67,3.0,87.5
"PROVIDENCE, RI",8,6.0,2.83,3.0,75.0
"VENTURA, CA",8,6.0,2.5,2.0,75.0
"FAIRFIELD, CT",8,6.0,2.33,2.5,75.0
"JEFFERSON, LA",8,5.0,3.0,3.0,62.5
"BERNALILLO, NM",7,5.0,2.6,2.0,71.43
"BROWN, WI",7,4.0,4.25,4.0,57.14
"CHARLESTON, SC",7,6.0,3.5,4.0,85.71
"UTAH, UT",7,5.0,4.25,4.0,71.43
"PIERCE, WA",7,5.0,2.2,2.0,71.43
"HUDSON, NJ",7,6.0,1.67,2.0,85.71
"ORANGE, FL",7,3.0,3.0,3.0,42.86
"JEFFERSON, KY",7,4.0,1.75,2.0,57.14
"WASHOE, NV",7,4.0,3.0,3.5,57.14
"QUEENS, NY",7,6.0,1.17,1.0,85.71
"BRONX, NY",7,6.0,1.17,1.0,85.71
"PASCO, FL",7,6.0,3.17,3.5,85.71
"MULTNOMAH, OR",7,6.0,3.67,3.5,85.71
"BERGEN, NJ",7,6.0,2.67,2.5,85.71
"RAPIDES, LA",7,3.0,3.0,2.0,42.86
"BALTIMORE, MD",7,5.0,3.25,3.0,71.43
"MIDDLESEX, NJ",7,5.0,2.4,2.0,71.43
"MECKLENBURG, NC",7,6.0,3.5,3.0,85.71
"MONTGOMERY, MD",7,6.0,3.33,3.0,85.71
"DU PAGE, IL",7,6.0,4.17,4.5,85.71
"SAN MATEO, CA",7,7.0,3.83,3.5,100.0
"FRESNO, CA",7,7.0,2.6,3.0,100.0
"MONTGOMERY, OH",7,4.0,4.0,4.0,57.14
"SPOKANE, WA",7,4.0,3.75,3.5,57.14
"SUMMIT, OH",7,4.0,3.0,3.0,57.14
"FORT BEND, TX",7,6.0,3.67,3.5,85.71
"DENVER, CO",7,6.0,3.4,3.0,85.71
"ALLEN, IN",7,6.0,3.0,3.0,85.71
"FAYETTE, KY",6,4.0,2.75,3.0,66.67
"NEW CASTLE, DE",6,2.0,3.0,3.0,33.33
"MOBILE, AL",6,4.0,1.75,1.5,66.67
"ST. LAWRENCE, NY",6,3.0,2.67,3.0,50.0
"FAIRFAX, VA",6,4.0,4.5,5.0,66.67
"HAWAII, HI",6,3.0,3.33,4.0,50.0
"CAMERON, TX",6,4.0,4.0,4.0,66.67
"KANE, IL",6,5.0,4.4,4.0,83.33
"HIDALGO, TX",6,6.0,3.17,3.0,100.0
"SEDGWICK, KS",6,6.0,3.75,4.0,100.0
"PENOBSCOT, ME",6,2.0,2.5,2.5,33.33
"SANTA BARBARA, CA",6,4.0,3.75,4.5,66.67
"WAKE, NC",6,4.0,3.5,3.5,66.67
"NORFOLK, MA",6,4.0,2.5,2.5,66.67
"CALCASIEU, LA",6,4.0,2.5,2.5,66.67
"MONROE, NY",6,5.0,2.25,2.0,83.33
"DE KALB, GA",6,3.0,1.67,1.0,50.0
"WAUKESHA, WI",6,4.0,4.5,4.5,66.67
"BOULDER, CO",6,5.0,3.25,3.0,83.33
"ST. LOUIS CITY, MO",6,3.0,1.67,2.0,50.0
"HAMILTON, IN",6,6.0,4.17,4.5,100.0
"WASHINGTON, AR",6,3.0,2.5,2.5,50.0
"ESSEX, MA",6,5.0,3.0,3.0,83.33
"MADISON, IL",6,4.0,2.25,2.5,66.67
"MACOMB, MI",6,4.0,3.0,3.0,66.67
"HAMPDEN, MA",6,5.0,2.8,3.0,83.33
"LAKE, IL",6,6.0,3.6,4.0,100.0
"RANKIN, MS",6,4.0,3.0,3.0,66.67
"MAHONING, OH",6,4.0,3.0,2.5,66.67
"LUBBOCK, TX",6,4.0,3.75,3.5,66.67
"BURLINGTON, NJ",6,3.0,3.0,2.0,50.0
"MONTGOMERY, TX",6,6.0,2.33,3.0,100.0
"LAKE, FL",5,4.0,2.5,2.5,80.0
"ADA, ID",5,3.0,4.5,4.5,60.0
"MERCER, NJ",5,4.0,2.25,2.5,80.0
"CHATHAM, GA",5,3.0,1.67,2.0,60.0
"YORK, PA",5,5.0,3.33,4.0,100.0
"KNOX, TN",5,4.0,2.0,2.0,80.0
"BUTLER, OH",5,4.0,3.25,3.0,80.0
"WASHTENAW, MI",5,4.0,4.33,5.0,80.0
"ST. CHARLES, MO",5,4.0,3.0,3.0,80.0
"LEE, FL",5,4.0,2.75,3.0,80.0
"LANE, OR",5,3.0,3.0,3.0,60.0
"MINNEHAHA, SD",5,3.0,4.0,4.0,60.0
"OCEAN, NJ",5,4.0,3.25,3.5,80.0
"ORANGE, NY",5,4.0,2.75,2.5,80.0
"VOLUSIA, FL",5,5.0,2.2,2.0,100.0
"OUACHITA, LA",5,4.0,3.0,3.0,80.0
"KANAWHA, WV",5,4.0,2.67,3.0,80.0
"LANCASTER, NE",5,4.0,3.67,3.0,80.0
"LANCASTER, PA",5,4.0,3.5,3.5,80.0
"WASHINGTON, OR",5,4.0,3.75,4.0,80.0
"BRAZOS, TX",5,4.0,3.33,3.0,80.0
"SOLANO, CA",5,4.0,2.5,2.5,80.0
"CAMDEN, NJ",5,4.0,2.5,2.0,80.0
"KENT, MI",5,3.0,3.33,3.0,60.0
"ANCHORAGE, AK",5,3.0,3.67,4.0,60.0
"LARIMER, CO",5,4.0,4.25,4.5,80.0
"EL PASO, CO",5,3.0,4.5,4.5,60.0
"HORRY, SC",5,4.0,4.0,4.0,80.0
"BERKS, PA",5,3.0,4.0,5.0,60.0
"MANATEE, FL",5,3.0,2.0,2.0,60.0
"GRAFTON, NH",5,1.0,3.0,3.0,20.0
"LORAIN, OH",5,3.0,4.0,4.0,60.0
"CUMBERLAND, ME",5,3.0,4.67,5.0,60.0
"ASHTABULA, OH",5,2.0,1.0,1.0,40.0
"ROCKLAND, NY",5,3.0,1.5,1.5,60.0
"DANE, WI",5,3.0,4.67,5.0,60.0
"PRINCE GEORGES, MD",5,5.0,2.0,1.0,100.0
"HILLSBOROUGH, NH",5,4.0,3.0,3.0,80.0
"HINDS, MS",5,5.0,2.0,2.0,100.0
"PONCE, PR",5,4.0,2.0,2.0,80.0
"NAVAJO, AZ",5,2.0,4.0,4.0,40.0
"RAMSEY, MN",5,4.0,2.75,2.5,80.0
"STANISLAUS, CA",5,5.0,2.6,3.0,100.0
"POLK, FL",5,5.0,2.2,2.0,100.0
"WICHITA, TX",5,2.0,4.0,4.0,40.0
"UNION, NJ",5,3.0,2.0,2.0,60.0
"MONMOUTH, NJ",5,5.0,3.4,4.0,100.0
"TANGIPAHOA, LA",5,2.0,3.0,3.0,40.0
"CHESTER, PA",5,5.0,3.6,3.0,100.0
"HUMBOLDT, CA",5,2.0,2.5,2.5,40.0
"COMANCHE, OK",4,3.0,1.5,1.5,75.0
"LACKAWANNA, PA",4,3.0,1.67,2.0,75.0
"WARRICK, IN",4,2.0,4.5,4.5,50.0
"ROCKINGHAM, NH",4,3.0,3.33,3.0,75.0
"COCONINO, AZ",4,2.0,4.0,4.0,50.0
"HAMILTON, TN",4,3.0,3.0,3.0,75.0
"SUSSEX, DE",4,3.0,2.67,2.0,75.0
"TERREBONNE, LA",4,3.0,2.5,2.5,75.0
"SMITH, TX",4,4.0,4.0,4.0,100.0
"GWINNETT, GA",4,3.0,3.0,3.0,75.0
"RICHMOND CITY, VA",4,3.0,3.33,4.0,75.0
"CABELL, WV",4,2.0,3.5,3.5,50.0
"BUTTE, CA",4,3.0,2.67,3.0,75.0
"GRANT, WA",4,1.0,3.0,3.0,25.0
"SIOUX, IA",4,,,,
"ONONDAGA, NY",4,3.0,2.0,2.0,75.0
"RICHLAND, SC",4,3.0,3.0,3.0,75.0
"SNOHOMISH, WA",4,4.0,2.25,2.0,100.0
"ERIE, PA",4,3.0,2.33,2.0,75.0
"ONEIDA, NY",4,3.0,2.0,2.0,75.0
"RICHMOND, GA",4,3.0,2.33,2.0,75.0
"DELAWARE, NY",4,1.0,,,25.0
"DOUGLAS, CO",4,3.0,4.0,4.0,75.0
"COCHISE, AZ",4,1.0,1.0,1.0,25.0
"DONA ANA, NM",4,2.0,1.5,1.5,50.0
"FORSYTH, NC",4,3.0,3.0,3.0,75.0
"PINAL, AZ",4,3.0,3.67,4.0,75.0
"DELAWARE, PA",4,4.0,2.0,1.5,100.0
"ST. JOSEPH, IN",4,3.0,3.5,3.5,75.0
"PENNINGTON, SD",4,4.0,3.0,3.0,100.0
"PLYMOUTH, MA",4,3.0,3.0,4.0,75.0
"JEFFERSON, CO",4,4.0,3.0,3.0,100.0
"ST. CLAIR, IL",4,4.0,2.75,3.0,100.0
"STARK, OH",4,3.0,3.33,3.0,75.0
"SARASOTA, FL",4,4.0,3.25,3.5,100.0
"POLK, IA",4,4.0,2.75,3.0,100.0
"SULLIVAN, TN",4,3.0,2.33,2.0,75.0
"VIGO, IN",4,2.0,2.5,2.5,50.0
"SANTA ROSA, FL",4,3.0,3.67,3.0,75.0
"STEARNS, MN",4,1.0,5.0,5.0,25.0
"SANTA CRUZ, CA",4,3.0,3.33,3.0,75.0
"CLAY, MO",4,2.0,3.5,3.5,50.0
"HAYS, TX",4,3.0,3.5,3.5,75.0
"TIPPECANOE, IN",4,2.0,3.5,3.5,50.0
"ROCK, WI",4,3.0,3.0,2.0,75.0
"SHASTA, CA",4,3.0,2.5,2.5,75.0
"HARRISON, MS",4,3.0,1.67,2.0,75.0
"CHELAN, WA",4,2.0,4.0,4.0,50.0
"FOND DU LAC, WI",4,1.0,4.0,4.0,25.0
"LYCOMING, PA",4,1.0,3.0,3.0,25.0
"MAUI, HI",4,1.0,3.0,3.0,25.0
"MARSHALL, IN",4,1.0,4.0,4.0,25.0
"ALLEN, OH",4,3.0,3.5,3.5,75.0
"LUZERNE, PA",4,3.0,2.33,2.0,75.0
"LAUDERDALE, MS",4,4.0,1.5,1.5,100.0
"BAYAMON, PR",4,4.0,1.0,1.0,100.0
"MORRIS, NJ",4,3.0,4.33,5.0,75.0
"BENTON, WA",4,2.0,3.0,3.0,50.0
"YAKIMA, WA",4,3.0,3.33,4.0,75.0
"MARION, FL",4,2.0,2.0,2.0,50.0
"NORTHAMPTON, PA",4,4.0,3.67,4.0,100.0
"ALBANY, NY",4,3.0,2.33,2.0,75.0
"NORFOLK CITY, VA",4,3.0,3.0,3.0,75.0
"MUSCOGEE, GA",4,3.0,3.0,3.0,75.0
"WASHINGTON, PA",4,4.0,3.0,3.0,100.0
"MCKINLEY, NM",4,4.0,1.5,1.5,100.0
"WESTMORELAND, PA",4,3.0,3.33,3.0,75.0
"MONTCALM, MI",4,2.0,4.0,4.0,50.0
"WINNEBAGO, WI",4,2.0,3.5,3.5,50.0
"MONTEREY, CA",4,4.0,3.5,3.0,100.0
"BELL, TX",4,3.0,2.33,2.0,75.0
"MARION, OR",4,3.0,3.33,3.0,75.0
"NUECES, TX",4,3.0,3.67,4.0,75.0
"AROOSTOOK, ME",4,3.0,3.33,3.0,75.0
"MERCER, PA",4,4.0,2.67,3.0,100.0
"MESA, CO",4,2.0,3.5,3.5,50.0
"ADAMS, CO",4,3.0,3.33,3.0,75.0
"MADISON, IN",4,2.0,3.0,3.0,50.0
"APACHE, AZ",4,2.0,2.0,2.0,50.0
"BALDWIN, AL",4,3.0,2.67,3.0,75.0
"MERRIMACK, NH",4,1.0,4.0,4.0,25.0
"MOHAVE, AZ",4,4.0,2.25,2.5,100.0
"CLARK, OH",3,2.0,3.0,3.0,66.67
"CLARK, WA",3,2.0,3.5,3.5,66.67
"MONTGOMERY, AL",3,3.0,2.67,2.0,100.0
"MONROE, IN",3,2.0,4.0,4.0,66.67
"SAN LUIS OBISPO, CA",3,3.0,3.33,4.0,100.0
"GRANVILLE, NC",3,1.0,2.0,2.0,33.33
"ANGELINA, TX",3,2.0,2.5,2.5,66.67
"POLK, WI",3,,,,
"BIBB, GA",3,3.0,3.67,3.0,100.0
"SAUK, WI",3,2.0,4.5,4.5,66.67
"PONTOTOC, OK",3,2.0,3.0,3.0,66.67
"DE SOTO, MS",3,2.0,2.5,2.5,66.67
"BENTON, AR",3,2.0,3.5,3.5,66.67
"HURON, MI",3,1.0,4.0,4.0,33.33
"CLARK, IN",3,2.0,2.0,2.0,66.67
"DAUPHIN, PA",3,2.0,4.0,4.0,66.67
"CHEROKEE, TX",3,1.0,3.0,3.0,33.33
"DAWSON, NE",3,,,,
"HOLT, NE",3,,,,
"TUSCOLA, MI",3,,,,
"CHRISTIAN, KY",3,1.0,2.0,2.0,33.33
"TUSCARAWAS, OH",3,1.0,3.0,3.0,33.33
"TUSCALOOSA, AL",3,1.0,2.0,2.0,33.33
"CHIPPEWA, WI",3,1.0,4.0,4.0,33.33
"SANTA FE, NM",3,3.0,4.0,4.0,100.0
"NESHOBA, MS",3,2.0,2.0,2.0,66.67
"PLUMAS, CA",3,,,,
"ARAPAHOE, CO",3,3.0,3.33,3.0,100.0
"HUMACAO, PR",3,3.0,,,100.0
"BELTRAMI, MN",3,2.0,2.0,2.0,66.67
"WOOD, WI",3,2.0,3.0,3.0,66.67
"SANILAC, MI",3,,,,
"ULSTER, NY",3,2.0,1.0,1.0,66.67
"TULARE, CA",3,3.0,2.0,2.0,100.0
"SANGAMON, IL",3,2.0,2.5,2.5,66.67
"NATRONA, WY",3,2.0,3.0,3.0,66.67
"PLACER, CA",3,3.0,4.0,4.0,100.0
"CLACKAMAS, OR",3,3.0,3.33,3.0,100.0
"STEUBEN, NY",3,3.0,3.33,3.0,100.0
"OKANOGAN, WA",3,,,,
"GALVESTON, TX",3,1.0,2.0,2.0,33.33
"HERNANDO, FL",3,2.0,1.5,1.5,66.67
"ASCENSION, LA",3,1.0,4.0,4.0,33.33
"COLLIER, FL",3,2.0,3.0,3.0,66.67
"RENSSELAER, NY",3,3.0,2.0,2.0,100.0
"GILA, AZ",3,1.0,,,33.33
"CREEK, OK",3,1.0,3.0,3.0,33.33
"RUTHERFORD, TN",3,3.0,1.5,1.5,100.0
"TAYLOR, TX",3,2.0,2.5,2.5,66.67
"RICHLAND, OH",3,2.0,3.0,3.0,66.67
"MADISON, AL",3,2.0,2.0,2.0,66.67
"RICHMOND, NY",3,2.0,1.0,1.0,66.67
"BARRON, WI",3,1.0,4.0,4.0,33.33
"BARNSTABLE, MA",3,2.0,4.5,4.5,66.67
"GREGG, TX",3,2.0,4.0,4.0,66.67
"GRAND FORKS, ND",3,1.0,2.0,2.0,33.33
"ROOSEVELT, MT",3,,,,
"AVOYELLES, LA",3,1.0,3.0,3.0,33.33
"WILL, IL",3,3.0,2.33,2.0,100.0
"GREENE, MO",3,2.0,4.0,4.0,66.67
"GRANT, WI",3,,,,
"COOS, NH",3,,,,
"COOS, OR",3,1.0,3.0,3.0,33.33
"GRAYSON, TX",3,3.0,3.33,3.0,100.0
"SAGINAW, MI",3,3.0,2.0,2.0,100.0
"MARATHON, WI",3,2.0,3.5,3.5,66.67
"BARTON, KS",3,1.0,3.0,3.0,33.33
"WINDHAM, VT",3,1.0,3.0,3.0,33.33
"POTTER, TX",3,3.0,3.0,3.0,100.0
"BELMONT, OH",3,2.0,2.0,2.0,66.67
"TOM GREEN, TX",3,2.0,4.0,4.0,66.67
"TOLLAND, CT",3,2.0,3.0,3.0,66.67
"WINNEBAGO, IL",3,3.0,2.33,2.0,100.0
"NAPA, CA",3,2.0,3.0,3.0,66.67
"CHEMUNG, NY",3,2.0,2.5,2.5,66.67
"PUEBLO, CO",3,2.0,3.0,3.0,66.67
"CLEVELAND, OK",3,1.0,3.0,3.0,33.33
"CUMBERLAND, PA",3,2.0,3.5,3.5,66.67
"GENESEE, MI",3,3.0,1.33,1.0,100.0
"GARLAND, AR",3,3.0,2.0,2.0,100.0
"MARIN, CA",3,3.0,3.33,3.0,100.0
"OKALOOSA, FL",3,3.0,3.0,3.0,100.0
"COBB, GA",3,2.0,3.0,3.0,66.67
"RANDOLPH, IL",3,,,,
"HANCOCK, ME",3,1.0,4.0,4.0,33.33
"BAY, FL",3,2.0,2.5,2.5,66.67
"CROW WING, MN",3,1.0,4.0,4.0,33.33
"ATLANTIC, NJ",3,2.0,3.5,3.5,66.67
"MONROE, FL",3,1.0,3.0,3.0,33.33
"MADISON, TN",3,1.0,1.0,1.0,33.33
"BINGHAM, ID",3,1.0,,,33.33
"ST. CROIX, WI",3,,,,
"BRAZORIA, TX",3,2.0,3.0,3.0,66.67
"YAVAPAI, AZ",3,2.0,4.0,4.0,66.67
"JOHNSON, TX",3,3.0,4.0,4.0,100.0
"NIAGARA, NY",3,3.0,1.67,1.0,100.0
"ST. CLAIR, MI",3,3.0,3.67,4.0,100.0
"DURHAM, NC",3,3.0,4.5,4.5,100.0
"ONTARIO, NY",3,3.0,1.67,2.0,100.0
"ST. FRANCOIS, MO",3,1.0,5.0,5.0,33.33
"VIRGINIA BEACH CITY, VA",3,2.0,3.5,3.5,66.67
"SEBASTIAN, AR",3,2.0,2.0,2.0,66.67
"MENDOCINO, CA",3,1.0,3.0,3.0,33.33
"JEFFERSON, TX",3,3.0,2.67,3.0,100.0
"FLATHEAD, MT",3,2.0,4.5,4.5,66.67
"WARREN, KY",3,2.0,2.0,2.0,66.67
"JEFFERSON, NY",3,1.0,3.0,3.0,33.33
"VANDERBURGH, IN",3,2.0,3.0,3.0,66.67
"WRIGHT, MN",3,1.0,4.0,4.0,33.33
"BRADFORD, PA",3,2.0,2.0,2.0,66.67
"BROOME, NY",3,2.0,2.0,2.0,66.67
"SENECA, OH",3,1.0,5.0,5.0,33.33
"KENAI PENINSULA, AK",3,1.0,3.0,3.0,33.33
"MCPHERSON, KS",3,2.0,3.5,3.5,66.67
"KENNEBEC, ME",3,2.0,4.0,4.0,66.67
"SHAWNEE, KS",3,2.0,4.0,4.0,66.67
"KAUAI, HI",3,1.0,4.0,4.0,33.33
"OTTAWA, MI",3,3.0,4.33,4.0,100.0
"SOMERSET, PA",3,2.0,3.5,3.5,66.67
"OTTER TAIL, MN",3,1.0,4.0,4.0,33.33
"IREDELL, NC",3,3.0,2.67,3.0,100.0
"KALAMAZOO, MI",3,2.0,3.5,3.5,66.67
"SOMERSET, NJ",3,1.0,3.0,3.0,33.33
"DUBUQUE, IA",3,2.0,3.5,3.5,66.67
"OSCEOLA, FL",3,3.0,1.67,1.0,100.0
"CANYON, ID",3,3.0,4.0,4.0,100.0
"FAULKNER, AR",3,2.0,3.5,3.5,66.67
"ETOWAH, AL",3,2.0,3.0,3.0,66.67
"FLOYD, KY",3,1.0,1.0,1.0,33.33
"FLORENCE, SC",3,3.0,2.33,2.0,100.0
"CASS, ND",3,2.0,3.5,3.5,66.67
"BROWN, MN",3,,,,
"CHARLOTTE, FL",3,3.0,2.0,2.0,100.0
"BRUNSWICK, NC",3,1.0,3.0,3.0,33.33
"SKAGIT, WA",3,2.0,2.5,2.5,66.67
"ITASCA, MN",3,1.0,4.0,4.0,33.33
"DEFIANCE, OH",3,1.0,5.0,5.0,33.33
"ESCAMBIA, FL",3,3.0,3.0,3.0,100.0
"BLAIR, PA",3,2.0,3.0,3.0,66.67
"CHAMPAIGN, IL",3,2.0,2.5,2.5,66.67
"LEXINGTON, SC",3,2.0,3.5,3.5,66.67
"ST. LUCIE, FL",3,2.0,1.0,1.0,66.67
"PETERSBURG CITY, VA",3,2.0,1.0,1.0,66.67
"JACKSON, OR",3,3.0,4.33,4.0,100.0
"JAMES CITY, VA",3,2.0,4.5,4.5,66.67
"JASPER, MO",3,2.0,2.5,2.5,66.67
"BLACK HAWK, IA",3,3.0,2.33,2.0,100.0
"EAU CLAIRE, WI",3,3.0,4.67,5.0,100.0
"ELKHART, IN",3,2.0,4.0,4.0,66.67
"LAFOURCHE, LA",3,1.0,4.0,4.0,33.33
"LEON, FL",3,2.0,2.5,2.5,66.67
"OLMSTED, MN",3,2.0,4.5,4.5,66.67
"CHAUTAUQUA, NY",3,3.0,2.0,2.0,100.0
"LEHIGH, PA",3,3.0,3.5,3.5,100.0
"MIDDLESEX, CT",3,1.0,3.0,3.0,33.33
"PEORIA, IL",3,3.0,3.0,3.0,100.0
"LA SALLE, IL",3,2.0,3.5,3.5,66.67
"MAYAGUEZ, PR",3,3.0,,,100.0
"ROCKWALL, TX",2,2.0,3.0,3.0,100.0
"EVANGELINE, LA",2,2.0,3.5,3.5,100.0
"ELLIS, TX",2,2.0,4.0,4.0,100.0
"ELMORE, AL",2,2.0,3.5,3.5,100.0
"MONTGOMERY, TN",2,1.0,2.0,2.0,50.0
"MEDINA, OH",2,1.0,2.0,2.0,50.0
"SALINE, IL",2,1.0,2.0,2.0,50.0
"GRANT, IN",2,1.0,3.0,3.0,50.0
"ROGERS, OK",2,2.0,4.0,4.0,100.0
"GLYNN, GA",2,1.0,2.0,2.0,50.0
"MANATI, PR",2,2.0,2.0,2.0,100.0
"RUNNELS, TX",2,,,,
"MIDLAND, TX",2,1.0,2.0,2.0,50.0
"MERCED, CA",2,2.0,2.5,2.5,100.0
"MILLE LACS, MN",2,1.0,4.0,4.0,50.0
"ESCAMBIA, AL",2,2.0,3.0,3.0,100.0
"GOODHUE, MN",2,1.0,5.0,5.0,50.0
"GLACIER, MT",2,1.0,,,50.0
"ROLETTE, ND",2,1.0,,,50.0
"MILAM, TX",2,1.0,,,50.0
"MERCER, WV",2,2.0,2.5,2.5,100.0
"MANITOWOC, WI",2,2.0,4.5,4.5,100.0
"SALEM, NJ",2,2.0,3.0,3.0,100.0
"SHEBOYGAN, WI",2,2.0,4.5,4.5,100.0
"MILLARD, UT",2,,,,
"SALINE, AR",2,1.0,1.0,1.0,50.0
"SALINE, KS",2,2.0,4.0,4.0,100.0
"FAYETTE, IA",2,,,,
"SALINE, MO",2,1.0,3.0,3.0,50.0
"SANDUSKY, OH",2,2.0,4.0,4.0,100.0
"MARQUETTE, MI",2,1.0,2.0,2.0,50.0
"FLOYD, IN",2,2.0,4.0,4.0,100.0
"MISSOULA, MT",2,2.0,4.5,4.5,100.0
"MC CRACKEN, KY",2,2.0,3.0,3.0,100.0
"SANPETE, UT",2,,,,
"MONROE, WI",2,,,,
"MAURY, TN",2,1.0,3.0,3.0,50.0
"MATAGORDA, TX",2,1.0,3.0,3.0,50.0
"MONROE, PA",2,2.0,3.0,3.0,100.0
"MODOC, CA",2,,,,
"FRANKLIN, PA",2,2.0,4.0,4.0,100.0
"SCOTT, IA",2,2.0,2.5,2.5,100.0
"FORD, KS",2,1.0,2.0,2.0,50.0
"MONROE, MS",2,1.0,3.0,3.0,50.0
"FRANKLIN, NY",2,2.0,2.5,2.5,100.0
"MONONGALIA, WV",2,2.0,2.5,2.5,100.0
"FRANKLIN, MO",2,1.0,4.0,4.0,50.0
"SARPY, NE",2,2.0,3.0,3.0,100.0
"FRANKLIN, AL",2,1.0,3.0,3.0,50.0
"SCHENECTADY, NY",2,2.0,2.0,2.0,100.0
"MARTIN, FL",2,1.0,1.0,1.0,50.0
"SCHUYLKILL, PA",2,2.0,3.5,3.5,100.0
"SCIOTO, OH",2,2.0,3.0,3.0,100.0
"FLOYD, GA",2,2.0,4.0,4.0,100.0
"MC HENRY, IL",2,1.0,5.0,5.0,50.0
"GARVIN, OK",2,2.0,4.0,4.0,100.0
"SCOTT, MN",2,1.0,4.0,4.0,50.0
"SALINE, NE",2,,,,
"MCLEAN, ND",2,,,,
"FAJARDO, PR",2,2.0,,,100.0
"MARION, IA",2,,,,
"GARFIELD, OK",2,2.0,4.5,4.5,100.0
"MCINTOSH, ND",2,,,,
"GARFIELD, CO",2,1.0,4.0,4.0,50.0
"MARION, IL",2,1.0,5.0,5.0,50.0
"GALLATIN, MT",2,2.0,4.0,4.0,100.0
"FAYETTE, AL",2,2.0,4.5,4.5,100.0
"MARION, KS",2,,,,
"MC LEOD, MN",2,1.0,4.0,4.0,50.0
"SEMINOLE, FL",2,2.0,2.0,2.0,100.0
"SAN GERMAN, PR",2,2.0,,,100.0
"MC LENNAN, TX",2,2.0,2.5,2.5,100.0
"MONTGOMERY, IL",2,,,,
"SAN JUAN, NM",2,2.0,3.0,3.0,100.0
"MC LEAN, IL",2,2.0,4.0,4.0,100.0
"MISSISSIPPI, AR",2,1.0,2.0,2.0,50.0
"SAN JUAN, UT",2,,,,
"FAYETTE, PA",2,2.0,2.5,2.5,100.0
"FAYETTE, WV",2,,,,
"SCOTT, MS",2,,,,
"SARATOGA, NY",2,1.0,4.0,4.0,50.0
"RALEIGH, WV",2,2.0,2.0,2.0,100.0
"GRAYS HARBOR, WA",2,1.0,2.0,2.0,50.0
"LEE, MS",2,1.0,3.0,3.0,50.0
"PECOS, TX",2,,,,
"PEARL RIVER, MS",2,1.0,2.0,2.0,50.0
"LEE, IA",2,2.0,3.5,3.5,100.0
"JEFFERSON, PA",2,1.0,4.0,4.0,50.0
"PAYNE, OK",2,2.0,3.5,3.5,100.0
"PAWNEE, KS",2,,,,
"JEFFRSON DAVIS, LA",2,1.0,2.0,2.0,50.0
"PASSAIC, NJ",2,2.0,2.0,2.0,100.0
"LEBANON, PA",2,1.0,3.0,3.0,50.0
"PARK, WY",2,,,,
"JOHNSON, IA",2,2.0,3.5,3.5,100.0
"JOHNSON, IN",2,1.0,3.0,3.0,50.0
"LEAVENWORTH, KS",2,2.0,3.5,3.5,100.0
"LEA, NM",2,1.0,2.0,2.0,50.0
"PAGE, IA",2,,,,
"PACIFIC, WA",2,,,,
"LAWRENCE, SD",2,1.0,4.0,4.0,50.0
"JEFFERSON, MO",2,2.0,3.5,3.5,100.0
"NEWPORT NEWS CITY, VA",2,2.0,3.0,3.0,100.0
"ROCK ISLAND, IL",2,2.0,2.5,2.5,100.0
"JEFFERSON, IN",2,1.0,4.0,4.0,50.0
"INGHAM, MI",2,2.0,2.5,2.5,100.0
"INYO, CA",2,,,,
"NEW HANOVER, NC",2,2.0,3.0,3.0,100.0
"PIKE, MS",2,2.0,3.0,3.0,100.0
"PIKE, KY",2,2.0,1.5,1.5,100.0
"PIERCE, NE",2,,,,
"PICKENS, SC",2,2.0,2.5,2.5,100.0
"JACKSON, IL",2,1.0,1.0,1.0,50.0
"LEWIS AND CLARK, MT",2,1.0,3.0,3.0,50.0
"PHILLIPS, CO",2,,,,
"LEWIS, WV",2,1.0,3.0,3.0,50.0
"LEWIS, WA",2,1.0,3.0,3.0,50.0
"PERRY, IL",2,,,,
"NEW LONDON, CT",2,2.0,4.0,4.0,100.0
"LENAWEE, MI",2,1.0,4.0,4.0,50.0
"EL DORADO, CA",2,2.0,3.0,3.0,100.0
"JEFFERSON, IL",2,2.0,2.5,2.5,100.0
"OZAUKEE, WI",2,2.0,4.5,4.5,100.0
"OXFORD, ME",2,,,,
"JONES, TX",2,2.0,,,100.0
"OUTAGAMIE, WI",2,2.0,3.0,3.0,100.0
"ONSLOW, NC",2,1.0,2.0,2.0,50.0
"OCONTO, WI",2,,,,
"KLICKITAT, WA",2,,,,
"KNOX, IL",2,2.0,3.0,3.0,100.0
"LAKE, OH",2,1.0,2.0,2.0,50.0
"LAKE, MT",2,,,,
"ACADIA, LA",2,1.0,3.0,3.0,50.0
"OKMULGEE, OK",2,2.0,3.0,3.0,100.0
"KOOTENAI, ID",2,2.0,4.5,4.5,100.0
"KOSCIUSKO, IN",2,1.0,2.0,2.0,50.0
"LAKE, CA",2,,,,
"LA CROSSE, WI",2,2.0,4.5,4.5,100.0
"LA PLATA, CO",2,2.0,5.0,5.0,100.0
"LA PORTE, IN",2,2.0,3.5,3.5,100.0
"OHIO, WV",2,2.0,1.0,1.0,100.0
"LABETTE, KS",2,1.0,3.0,3.0,50.0
"LAC QUI PARLE, MN",2,,,,
"LAMAR, MS",2,1.0,2.0,2.0,50.0
"LANCASTER, SC",2,1.0,2.0,2.0,50.0
"OBRIEN, IA",2,,,,
"OTSEGO, NY",2,2.0,2.0,2.0,100.0
"LAWRENCE, PA",2,2.0,2.5,2.5,100.0
"LAWRENCE, IN",2,,,,
"KANDIYOHI, MN",2,1.0,3.0,3.0,50.0
"LAVACA, TX",2,,,,
"KANKAKEE, IL",2,2.0,3.0,3.0,100.0
"KAUFMAN, TX",2,1.0,3.0,3.0,50.0
"KAY, OK",2,2.0,3.0,3.0,100.0
"OTOE, NE",2,,,,
"LAPAZ, AZ",2,,,,
"KENOSHA, WI",2,2.0,3.5,3.5,100.0
"KENT, DE",2,1.0,3.0,3.0,50.0
"OTERO, NM",2,2.0,3.0,3.0,100.0
"LATIMER, OK",2,2.0,4.0,4.0,100.0
"KERR, TX",2,1.0,3.0,3.0,50.0
"OSAGE, OK",2,,,,
"LASALLE, LA",2,1.0,2.0,2.0,50.0
"LIBERTY, TX",2,1.0,,,50.0
"NEVADA, CA",2,1.0,3.0,3.0,50.0
"INDIAN RIVER, FL",2,2.0,2.0,2.0,100.0
"NACOGDOCHES, TX",2,2.0,2.5,2.5,100.0
"HALIFAX, NC",2,1.0,2.0,2.0,50.0
"RENO, KS",2,2.0,3.0,3.0,100.0
"HAMBLEN, TN",2,2.0,2.5,2.5,100.0
"MACON, NC",2,,,,
"MORGAN, CO",2,1.0,2.0,2.0,50.0
"MACON, IL",2,2.0,3.0,3.0,100.0
"LYON, MN",2,,,,
"LOWNDES, GA",2,1.0,4.0,4.0,50.0
"HARDEMAN, TX",2,,,,
"RACINE, WI",2,2.0,2.5,2.5,100.0
"HARDIN, KY",2,1.0,3.0,3.0,50.0
"LOUDOUN, VA",2,2.0,4.5,4.5,100.0
"HARFORD, MD",2,2.0,2.5,2.5,100.0
"PUTNAM, TN",2,1.0,4.0,4.0,50.0
"HARNETT, NC",2,1.0,2.0,2.0,50.0
"LOGAN, AR",2,,,,
"HARRISON, WV",2,1.0,4.0,4.0,50.0
"HALE, TX",2,1.0,4.0,4.0,50.0
"MACOUPIN, IL",2,,,,
"MADERA, CA",2,1.0,1.0,1.0,50.0
"MONTOUR, PA",2,1.0,2.0,2.0,50.0
"MADISON, NY",2,1.0,3.0,3.0,50.0
"GREENE, MS",2,,,,
"MONTGOMERY, VA",2,2.0,3.0,3.0,100.0
"GREENE, OH",2,2.0,3.5,3.5,100.0
"RIO BLANCO, CO",2,,,,
"GREENE, TN",2,2.0,2.0,2.0,100.0
"MADISON, MT",2,,,,
"RILEY, KS",2,2.0,3.5,3.5,100.0
"RICE, MN",2,2.0,4.0,4.0,100.0
"MADISON, KY",2,1.0,4.0,4.0,50.0
"GREGORY, SD",2,,,,
"MOREHOUSE, LA",2,1.0,2.0,2.0,50.0
"RICHLAND, LA",2,1.0,3.0,3.0,50.0
"GUAM, GU",2,2.0,,,100.0
"GUERNSEY, OH",2,1.0,3.0,3.0,50.0
"GUILFORD, NC",2,2.0,3.5,3.5,100.0
"LIVINGSTON, MI",2,2.0,4.0,4.0,100.0
"HARVEY, KS",2,1.0,5.0,5.0,50.0
"IMPERIAL, CA",2,2.0,2.0,2.0,100.0
"PRINCE WILLIAM, VA",2,2.0,3.5,3.5,100.0
"HOUSTON, AL",2,2.0,2.5,2.5,100.0
"LINCOLN, MN",2,,,,
"HOUSTON, GA",2,2.0,3.5,3.5,100.0
"NEMAHA, KS",2,,,,
"HOWARD, IN",2,2.0,4.0,4.0,100.0
"HOWARD, TX",2,1.0,2.0,2.0,50.0
"HOWELL, MO",2,1.0,2.0,2.0,50.0
"LINCOLN, LA",2,1.0,2.0,2.0,50.0
"LIMESTONE, TX",2,1.0,3.0,3.0,50.0
"PLATTE, NE",2,1.0,5.0,5.0,50.0
"HUNT, TX",2,1.0,3.0,3.0,50.0
"PITTSBURG, OK",2,1.0,2.0,2.0,50.0
"HURON, OH",2,1.0,4.0,4.0,50.0
"HUTCHINSON, SD",2,,,,
"NESS, KS",2,,,,
"PISCATAQUIS, ME",2,,,,
"IDAHO, ID",2,,,,
"HOUGHTON, MI",2,1.0,4.0,4.0,50.0
"POLK, MN",2,,,,
"LINCOLN, OK",2,,,,
"POTTAWATTAMIE, IA",2,2.0,4.0,4.0,100.0
"LITCHFIELD, CT",2,2.0,2.5,2.5,100.0
"LINN, OR",2,1.0,4.0,4.0,50.0
"LINN, IA",2,2.0,5.0,5.0,100.0
"HENDERSON, NC",2,2.0,3.5,3.5,100.0
"HENDRICKS, IN",2,2.0,4.5,4.5,100.0
"HENRY, IL",2,,,,
"HENRY, MO",2,1.0,3.0,3.0,50.0
"POTTAWATOMIE, KS",2,,,,
"LINCOLN, OR",2,,,,
"HIGHLAND, OH",2,,,,
"HIGHLANDS, FL",2,2.0,2.5,2.5,100.0
"PORTER, IN",2,1.0,4.0,4.0,50.0
"LINCOLN, WY",2,,,,
"LINCOLN, WI",2,,,,
"LINCOLN, WA",2,,,,
"LINCOLN, SD",2,1.0,5.0,5.0,50.0
"PENNINGTON, MN",2,,,,
"YUMA, CO",2,,,,
"MIAMI, KS",2,1.0,4.0,4.0,50.0
"CLINTON, PA",2,1.0,3.0,3.0,50.0
"BOONE, MO",2,2.0,3.0,3.0,100.0
"WASHINGTON, WI",2,2.0,5.0,5.0,100.0
"BONNEVILLE, ID",2,2.0,4.5,4.5,100.0
"WATONWAN, MN",2,,,,
"BON HOMME, SD",2,,,,
"THURSTON, WA",2,2.0,3.0,3.0,100.0
"WAUPACA, WI",2,,,,
"BLAINE, OK",2,,,,
"CLINTON, IA",2,1.0,4.0,4.0,50.0
"WAYNE, IN",2,1.0,5.0,5.0,50.0
"BIG STONE, MN",2,,,,
"BIG HORN, WY",2,,,,
"BIG HORN, MT",2,,,,
"WAYNE, NC",2,1.0,2.0,2.0,50.0
"WAYNE, OH",2,1.0,4.0,4.0,50.0
"BERRIEN, MI",2,2.0,4.0,4.0,100.0
"WASHINGTON, VT",2,1.0,4.0,4.0,50.0
"CLEVELAND, NC",2,2.0,4.0,4.0,100.0
"COFFEE, TN",2,2.0,3.5,3.5,100.0
"BOYD, KY",2,2.0,2.0,2.0,100.0
"WASHINGTON, MN",2,2.0,4.5,4.5,100.0
"TREMPEALEAU, WI",2,,,,
"CLARKE, AL",2,2.0,2.5,2.5,100.0
"CLARKE, GA",2,2.0,3.0,3.0,100.0
"TRAILL, ND",2,,,,
"CLATSOP, OR",2,,,,
"CLAY, FL",2,2.0,3.5,3.5,100.0
"BOX ELDER, UT",2,2.0,4.0,4.0,100.0
"CLEARFIELD, PA",2,2.0,2.5,2.5,100.0
"WASHINGTON, OH",2,1.0,3.0,3.0,50.0
"BOWIE, TX",2,2.0,3.5,3.5,100.0
"WASHINGTON, RI",2,2.0,4.5,4.5,100.0
"WASHINGTON, TN",2,2.0,2.5,2.5,100.0
"TODD, MN",2,,,,
"CLAYTON, GA",2,1.0,1.0,1.0,50.0
"CLAYTON, IA",2,,,,
"BERKSHIRE, MA",2,1.0,3.0,3.0,50.0
"COLBERT, AL",2,2.0,3.0,3.0,100.0
"CLARION, PA",2,1.0,2.0,2.0,50.0
"WHEELER, TX",2,,,,
"BEAUFORT, SC",2,2.0,2.5,2.5,100.0
"SWEETWATER, WY",2,2.0,4.0,4.0,100.0
"SWAIN, NC",2,1.0,,,50.0
"COTTONWOOD, MN",2,,,,
"COVINGTON, AL",2,2.0,2.5,2.5,100.0
"COWETA, GA",2,2.0,2.0,2.0,100.0
"COWLEY, KS",2,1.0,2.0,2.0,50.0
"CRAIGHEAD, AR",2,2.0,2.0,2.0,100.0
"SWIFT, MN",2,,,,
"BAXTER, AR",2,1.0,3.0,3.0,50.0
"SUSQUEHANNA, PA",2,,,,
"SURRY, NC",2,2.0,3.5,3.5,100.0
"SUNFLOWER, MS",2,1.0,3.0,3.0,50.0
"CRAWFORD, KS",2,1.0,2.0,2.0,50.0
"WHITESIDE, IL",2,1.0,4.0,4.0,50.0
"BARRY, MO",2,,,,
"BEAUREGARD, LA",2,1.0,3.0,3.0,50.0
"COOKE, TX",2,1.0,3.0,3.0,50.0
"COLE, MO",2,2.0,3.5,3.5,100.0
"COLQUITT, GA",2,2.0,2.0,2.0,100.0
"WEAKLEY, TN",2,1.0,4.0,4.0,50.0
"WEBB, TX",2,2.0,3.5,3.5,100.0
"WEBER, UT",2,2.0,3.5,3.5,100.0
"VILAS, WI",2,1.0,4.0,4.0,50.0
"TAZEWELL, IL",2,1.0,3.0,3.0,50.0
"WEBSTER, LA",2,2.0,3.5,3.5,100.0
"COLORADO, TX",2,1.0,4.0,4.0,50.0
"COLUMBIA, FL",2,2.0,3.5,3.5,100.0
"TALLADEGA, AL",2,2.0,2.5,2.5,100.0
"BELL, KY",2,2.0,3.5,3.5,100.0
"WELD, CO",2,1.0,4.0,4.0,50.0
"COLUMBIA, PA",2,2.0,3.0,3.0,100.0
"COLUMBIA, WI",2,1.0,2.0,2.0,50.0
"COLUMBIANA, OH",2,2.0,2.5,2.5,100.0
"TALLAPOOSA, AL",2,2.0,3.5,3.5,100.0
"BEAVER, UT",2,,,,
"WASHINGTON, ME",2,,,,
"WASHINGTON, MD",2,1.0,3.0,3.0,50.0
"WHITMAN, WA",2,,,,
"WALTON, GA",2,1.0,1.0,1.0,50.0
"CASS, MO",2,1.0,3.0,3.0,50.0
"WALSH, ND",2,,,,
"VAN WERT, OH",2,1.0,3.0,3.0,50.0
"CALLAWAY, MO",2,1.0,,,50.0
"CATAWBA, NC",2,2.0,3.0,3.0,100.0
"VAN BUREN, MI",2,1.0,3.0,3.0,50.0
"WALTON, FL",2,2.0,4.5,4.5,100.0
"CALHOUN, MI",2,2.0,4.0,4.0,100.0
"CAMBRIA, PA",2,2.0,1.5,1.5,100.0
"VALLEY, ID",2,,,,
"VALDEZ-CORDOVA, AK",2,,,,
"WALWORTH, WI",2,1.0,5.0,5.0,50.0
"CENTRE, PA",2,1.0,5.0,5.0,50.0
"CALHOUN, AL",2,2.0,2.5,2.5,100.0
"WARD, ND",2,1.0,2.0,2.0,50.0
"CHAMBERS, TX",2,,,,
"CASS, IN",2,1.0,3.0,3.0,50.0
"CASCADE, MT",2,2.0,3.5,3.5,100.0
"CHARLES MIX, SD",2,,,,
"WABASHA, MN",2,,,,
"CARBON, PA",2,2.0,2.0,2.0,100.0
"CARROLL, AR",2,,,,
"CARROLL, GA",2,2.0,2.5,2.5,100.0
"CARROLL, IA",2,1.0,4.0,4.0,50.0
"VICTORIA, TX",2,2.0,4.0,4.0,100.0
"CARROLL, MD",2,1.0,2.0,2.0,50.0
"CAPE GIRARDEAU, MO",2,2.0,2.0,2.0,100.0
"VERNON, WI",2,,,,
"CAMDEN, MO",2,1.0,3.0,3.0,50.0
"CARROLL, NH",2,,,,
"CANADIAN, OK",2,2.0,3.0,3.0,100.0
"VERNON, LA",2,2.0,4.0,4.0,100.0
"CAMPBELL, TN",2,2.0,2.5,2.5,100.0
"CARTER, OK",2,1.0,4.0,4.0,50.0
"VERMILION, LA",2,1.0,4.0,4.0,50.0
"VERMILION, IL",2,1.0,2.0,2.0,50.0
"CALDWELL, LA",2,2.0,4.0,4.0,100.0
"UPTON, TX",2,,,,
"WASHINGTON, LA",2,1.0,3.0,3.0,50.0
"CHOUTEAU, MT",2,,,,
"BUFFALO, NE",2,2.0,3.0,3.0,100.0
"UMATILLA, OR",2,,,,
"UINTA, WY",2,1.0,3.0,3.0,50.0
"BUCHANAN, MO",2,1.0,5.0,5.0,50.0
"BUCHANAN, IA",2,,,,
"WASHBURN, WI",2,,,,
"BROWN, SD",2,2.0,4.5,4.5,100.0
"BROWN, KS",2,,,,
"BUREAU, IL",2,1.0,3.0,3.0,50.0
"CHRISTIAN, IL",2,,,,
"CIBOLA, NM",2,1.0,,,50.0
"TRUMBULL, OH",2,2.0,3.0,3.0,100.0
"CITRUS, FL",2,2.0,1.0,1.0,100.0
"BREMER, IA",2,,,,
"CLALLAM, WA",2,1.0,3.0,3.0,50.0
"WASHINGTON, KS",2,,,,
"BUNCOMBE, NC",2,1.0,5.0,5.0,50.0
"CHESTERFIELD, VA",2,2.0,2.5,2.5,100.0
"CAGUAS, PR",2,2.0,1.0,1.0,100.0
"BUTLER, AL",2,2.0,2.0,2.0,100.0
"CADDO, OK",2,,,,
"CACHE, UT",2,2.0,4.0,4.0,100.0
"WARREN, NJ",2,2.0,3.5,3.5,100.0
"WARREN, OH",2,1.0,4.0,4.0,50.0
"CHAVES, NM",2,2.0,2.5,2.5,100.0
"BUTLER, MO",2,2.0,2.0,2.0,100.0
"BUTLER, KS",2,2.0,3.5,3.5,100.0
"CHEROKEE, IA",2,,,,
"BURKE, NC",2,1.0,3.0,3.0,50.0
"CHEROKEE, KS",2,1.0,5.0,5.0,50.0
"CHEROKEE, OK",2,2.0,3.0,3.0,100.0
"WARREN, PA",2,1.0,2.0,2.0,50.0
"BURNET, TX",2,1.0,5.0,5.0,50.0
"UNION, LA",2,,,,
"BURLEIGH, ND",2,2.0,2.0,2.0,100.0
"UNION, IL",2,,,,
"CRAWFORD, OH",2,,,,
"TAZEWELL, VA",2,2.0,3.5,3.5,100.0
"CARLTON, MN",2,,,,
"ALLEGANY, NY",2,1.0,2.0,2.0,50.0
"WRIGHT, IA",2,,,,
"WYANDOTTE, KS",2,2.0,5.0,5.0,100.0
"DAVIDSON, NC",2,2.0,3.5,3.5,100.0
"DARLINGTON, SC",2,2.0,2.0,2.0,100.0
"WINDSOR, VT",2,,,,
"WINDHAM, CT",2,2.0,3.5,3.5,100.0
"DANVILLE CITY, VA",2,1.0,1.0,1.0,50.0
"ATHENS, OH",2,1.0,4.0,4.0,50.0
"STEVENS, WA",2,,,,
"ST. MARY, LA",2,1.0,2.0,2.0,50.0
"SPARTANBURG, SC",2,2.0,2.5,2.5,100.0
"DOUGLAS, MN",2,1.0,5.0,5.0,50.0
"DAKOTA, MN",2,2.0,4.5,4.5,100.0
"WILSON, KS",2,,,,
"CUSTER, OK",2,1.0,4.0,4.0,50.0
"CUSTER, NE",2,,,,
"WILLIAMSON, TN",2,1.0,5.0,5.0,50.0
"STORY, IA",2,1.0,4.0,4.0,50.0
"DOUGLAS, OR",2,1.0,2.0,2.0,50.0
"STRAFFORD, NH",2,2.0,5.0,5.0,100.0
"ALACHUA, FL",2,2.0,2.0,2.0,100.0
"STUTSMAN, ND",2,,,,
"SOMERSET, ME",2,,,,
"ALLEGANY, MD",2,1.0,1.0,1.0,50.0
"DODGE, WI",2,2.0,3.5,3.5,100.0
"YANKTON, SD",2,1.0,3.0,3.0,50.0
"DAVIS, UT",2,2.0,4.0,4.0,100.0
"WOODBURY, IA",2,2.0,1.5,1.5,100.0
"ST. MARTIN, LA",2,,,,
"DELAWARE, IN",2,1.0,3.0,3.0,50.0
"ANDROSCOGGIN, ME",2,2.0,2.5,2.5,100.0
"ANNE ARUNDEL, MD",2,2.0,3.5,3.5,100.0
"ANDERSON, TN",2,1.0,1.0,1.0,50.0
"ANDERSON, SC",2,1.0,3.0,3.0,50.0
"ST. LANDRY, LA",2,1.0,3.0,3.0,50.0
"DESCHUTES, OR",2,2.0,3.5,3.5,100.0
"DEARBORN, IN",2,1.0,3.0,3.0,50.0
"ANOKA, MN",2,1.0,4.0,4.0,50.0
"DESHA, AR",2,,,,
"WOOD, TX",2,,,,
"ST. JOSEPH, MI",2,2.0,3.0,3.0,100.0
"ARECIBO, PR",2,2.0,,,100.0
"DE KALB, IN",2,1.0,3.0,3.0,50.0
"ST. JAMES, LA",2,,,,
"WOODWARD, OK",2,1.0,3.0,3.0,50.0
"DE KALB, IL",2,1.0,3.0,3.0,50.0
"ALLEN, LA",2,2.0,3.0,3.0,100.0
"ARKANSAS, AR",2,1.0,3.0,3.0,50.0
"ARLINGTON, VA",2,2.0,4.0,4.0,100.0
"DICKINSON, KS",2,,,,
"YAMHILL, OR",2,2.0,4.0,4.0,100.0
"DEER LODGE, MT",2,,,,
"YORK, NE",2,,,,
"ADAMS, WA",2,,,,
"YOUNG, TX",2,1.0,3.0,3.0,50.0
"SITKA BOROUGH, AK",2,,,,
"WILLIAMS, ND",2,,,,
"SISKIYOU, CA",2,,,,
"YORK, ME",2,2.0,3.0,3.0,100.0
"YOLO, CA",2,2.0,3.0,3.0,100.0
"YELL, AR",2,1.0,3.0,3.0,50.0
"EATON, MI",2,,,,
"EDDY, NM",2,2.0,2.5,2.5,100.0
"YELLOW MEDCINE, MN",2,,,,
"CRENSHAW, AL",2,1.0,4.0,4.0,50.0
"BARBER, KS",2,,,,
"SUMNER, TN",2,2.0,2.5,2.5,100.0
"SUMNER, KS",2,1.0,3.0,3.0,50.0
"ECTOR, TX",2,2.0,1.5,1.5,100.0
"SULLIVAN, NY",2,1.0,2.0,2.0,50.0
"YELLOWSTONE, MT",2,2.0,4.0,4.0,100.0
"DUTCHESS, NY",2,2.0,2.5,2.5,100.0
"SMYTH, VA",2,1.0,4.0,4.0,50.0
"SIMPSON, MS",2,1.0,3.0,3.0,50.0
"WILLIAMSON, IL",2,2.0,2.0,2.0,100.0
"CULLMAN, AL",2,1.0,2.0,2.0,50.0
"AIBONITO, PR",2,1.0,,,50.0
"CRAWFORD, PA",2,1.0,3.0,3.0,50.0
"WILLIAMS, OH",2,1.0,3.0,3.0,50.0
"OKFUSKEE, OK",1,,,,
"WASECA, MN",1,,,,
"WADENA, MN",1,,,,
"YOAKUM, TX",1,,,,
"OKEECHOBEE, FL",1,1.0,2.0,2.0,100.0
"OTTAWA, OK",1,1.0,2.0,2.0,100.0
"WASHINGTON, ID",1,,,,
"WASHINGTON, IN",1,,,,
"WASCO, OR",1,1.0,3.0,3.0,100.0
"WASATCH, UT",1,,,,
"WAGONER, OK",1,1.0,2.0,2.0,100.0
"WORCESTER, MD",1,1.0,4.0,4.0,100.0
"MITCHELL, TX",1,,,,
"MONO, CA",1,,,,
"MONONA, IA",1,,,,
"YUMA, AZ",1,1.0,3.0,3.0,100.0
"WORTH, GA",1,,,,
"WASHAKIE, WY",1,,,,
"MOCA, PR",1,1.0,,,100.0
"WOODS, OK",1,,,,
"YUBA, CA",1,1.0,1.0,1.0,100.0
"WASHINGTON, IL",1,,,,
"OGEMAW, MI",1,1.0,4.0,4.0,100.0
"WABASH, IN",1,,,,
"OCONEE, SC",1,1.0,4.0,4.0,100.0
"OVERTON, TN",1,1.0,4.0,4.0,100.0
"OCHILTREE, TX",1,,,,
"YORK, SC",1,1.0,1.0,1.0,100.0
"OGLE, IL",1,,,,
"WASHINGTON, IA",1,,,,
"WASHINGTON, GA",1,1.0,4.0,4.0,100.0
"WABASH, IL",1,,,,
"OCEANA, MI",1,,,,
"MITCHELL, NC",1,,,,
"MOFFAT, CO",1,,,,
"WASHINGTON, FL",1,,,,
"OUACHITA, AR",1,1.0,3.0,3.0,100.0
"WASHINGTON, AL",1,,,,
"OHIO, KY",1,,,,
"WOODFORD, IL",1,,,,
"WOODFORD, KY",1,,,,
"MILLER, AR",1,,,,
"WRANGELL CITY AND BOROUGH, AK",1,,,,
"WARREN, VA",1,1.0,3.0,3.0,100.0
"YALOBUSHA, MS",1,1.0,3.0,3.0,100.0
"OTTAWA, KS",1,,,,
"WARREN, IL",1,,,,
"MINERAL, NV",1,,,,
"ORANGE, VT",1,,,,
"ORANGEBURG, SC",1,1.0,1.0,1.0,100.0
"WARE, GA",1,1.0,3.0,3.0,100.0
"WYTHE, VA",1,1.0,2.0,2.0,100.0
"ORLEANS, NY",1,,,,
"ORLEANS, VT",1,,,,
"WALLOWA, OR",1,,,,
"WARD, TX",1,,,,
"OSBORNE, KS",1,,,,
"MITCHELL, KS",1,,,,
"OTSEGO, MI",1,1.0,4.0,4.0,100.0
"WAPELLO, IA",1,1.0,4.0,4.0,100.0
"YAUCO, PR",1,1.0,,,100.0
"OSCEOLA, IA",1,,,,
"YATES, NY",1,,,,
"MINERAL, MT",1,,,,
"OSCEOLA, MI",1,,,,
"OSWEGO, NY",1,1.0,3.0,3.0,100.0
"OTERO, CO",1,,,,
"WALWORTH, SD",1,,,,
"MILLER, GA",1,,,,
"WALLA WALLA, WA",1,1.0,5.0,5.0,100.0
"YAZOO, MS",1,,,,
"WALKER, TX",1,1.0,1.0,1.0,100.0
"ORANGE, IN",1,,,,
"MITCHELL, IA",1,,,,
"WARREN, TN",1,1.0,3.0,3.0,100.0
"MITCHELL, GA",1,,,,
"WALTHALL, MS",1,,,,
"WALDO, ME",1,,,,
"OTTAWA, OH",1,,,,
"OKTIBBEHA, MS",1,1.0,3.0,3.0,100.0
"OLDHAM, KY",1,1.0,3.0,3.0,100.0
"WALKER, AL",1,1.0,2.0,2.0,100.0
"WYANDOT, OH",1,,,,
"ONEIDA, ID",1,,,,
"MIDLAND, MI",1,1.0,3.0,3.0,100.0
"WYOMING, NY",1,1.0,3.0,3.0,100.0
"ONEIDA, WI",1,1.0,3.0,3.0,100.0
"WARREN, NY",1,1.0,3.0,3.0,100.0
"MINIDOKA, ID",1,,,,
"MIFFLIN, PA",1,1.0,3.0,3.0,100.0
"WARREN, MS",1,1.0,1.0,1.0,100.0
"WARREN, IN",1,,,,
"MINGO, WV",1,1.0,4.0,4.0,100.0
"ONTONAGON, MI",1,,,,
"MINERAL, WV",1,,,,
"WYOMING, PA",1,1.0,4.0,4.0,100.0
"ORANGE, NC",1,1.0,3.0,3.0,100.0
"MOORE, TX",1,,,,
"OBION, TN",1,1.0,2.0,2.0,100.0
"MUSKEGON, MI",1,1.0,5.0,5.0,100.0
"WEST CARROLL, LA",1,1.0,4.0,4.0,100.0
"WEST FELICIANA, LA",1,,,,
"MUSSELSHELL, MT",1,,,,
"MUSKOGEE, OK",1,1.0,2.0,2.0,100.0
"MUSKINGUM, OH",1,1.0,4.0,4.0,100.0
"WESTON, WY",1,,,,
"MONTGOMERY, NY",1,1.0,2.0,2.0,100.0
"WELLS, ND",1,,,,
"WILLIAMSBURG, SC",1,,,,
"MUSCATINE, IA",1,1.0,4.0,4.0,100.0
"MURRAY, OK",1,,,,
"MURRAY, MN",1,,,,
"MURRAY, GA",1,1.0,4.0,4.0,100.0
"WETZEL, WV",1,1.0,3.0,3.0,100.0
"NANTUCKET, MA",1,1.0,3.0,3.0,100.0
"MONTGOMERY, NC",1,,,,
"MONROE, AL",1,1.0,4.0,4.0,100.0
"WEBSTER, IA",1,1.0,3.0,3.0,100.0
"NAVARRO, TX",1,1.0,2.0,2.0,100.0
"WAYNE, TN",1,1.0,3.0,3.0,100.0
"MONTGOMERY, KY",1,1.0,3.0,3.0,100.0
"NATCHITOCHES, LA",1,1.0,4.0,4.0,100.0
"WILSON, TX",1,1.0,4.0,4.0,100.0
"WILSON, TN",1,1.0,2.0,2.0,100.0
"WILSON, NC",1,1.0,3.0,3.0,100.0
"WELLS, IN",1,1.0,3.0,3.0,100.0
"NASSAU, FL",1,1.0,4.0,4.0,100.0
"WEBSTER, MS",1,1.0,3.0,3.0,100.0
"WEBSTER, NE",1,,,,
"WEBSTER, WV",1,,,,
"NASH, NC",1,1.0,1.0,1.0,100.0
"MONTGOMERY, MS",1,,,,
"WEXFORD, MI",1,1.0,5.0,5.0,100.0
"MUHLENBERG, KY",1,1.0,4.0,4.0,100.0
"MOUNTRAIL, ND",1,,,,
"WHITE, TN",1,1.0,3.0,3.0,100.0
"WILBARGER, TX",1,1.0,3.0,3.0,100.0
"MORGAN, KY",1,,,,
"MORGAN, IN",1,1.0,5.0,5.0,100.0
"WHITE, IN",1,,,,
"MORGAN, IL",1,1.0,4.0,4.0,100.0
"MORGAN, GA",1,,,,
"WICOMICO, MD",1,1.0,5.0,5.0,100.0
"MORTON, KS",1,1.0,3.0,3.0,100.0
"WHITE PINE, NV",1,,,,
"WICHITA, KS",1,,,,
"WHITFIELD, GA",1,1.0,4.0,4.0,100.0
"MORGAN, AL",1,1.0,3.0,3.0,100.0
"WHITLEY, IN",1,1.0,4.0,4.0,100.0
"WHITLEY, KY",1,1.0,2.0,2.0,100.0
"MORGAN, WV",1,,,,
"MORRILL, NE",1,,,,
"MOODY, SD",1,,,,
"MONTROSE, CO",1,1.0,4.0,4.0,100.0
"WHITE, AR",1,1.0,4.0,4.0,100.0
"MORRIS, KS",1,,,,
"WILCOX, AL",1,1.0,,,100.0
"MORRISON, MN",1,,,,
"WILKES, GA",1,,,,
"WILKES, NC",1,1.0,3.0,3.0,100.0
"WHEATLAND, MT",1,,,,
"MORROW, OH",1,,,,
"WHATCOM, WA",1,1.0,4.0,4.0,100.0
"MORROW, OR",1,,,,
"WILKIN, MN",1,,,,
"WHARTON, TX",1,1.0,3.0,3.0,100.0
"WILKINSON, MS",1,,,,
"WINCHESTER CITY, VA",1,1.0,2.0,2.0,100.0
"NELSON, KY",1,1.0,3.0,3.0,100.0
"NELSON, ND",1,,,,
"WISE, VA",1,1.0,3.0,3.0,100.0
"NORTH SLOPE BOROUH, AK",1,,,,
"NORMAN, MN",1,,,,
"WASHINGTON, OK",1,1.0,3.0,3.0,100.0
"WOOD, OH",1,1.0,3.0,3.0,100.0
"NOME, AK",1,,,,
"NOLAN, TX",1,1.0,4.0,4.0,100.0
"NODAWAY, MO",1,1.0,4.0,4.0,100.0
"NIOBRARA, WY",1,,,,
"NOBLES, MN",1,1.0,3.0,3.0,100.0
"MONROE, TN",1,1.0,3.0,3.0,100.0
"NOBLE, OK",1,1.0,3.0,3.0,100.0
"WISE, TX",1,1.0,2.0,2.0,100.0
"NOBLE, IN",1,1.0,4.0,4.0,100.0
"WASHINGTON, TX",1,1.0,3.0,3.0,100.0
"NORTHUMBERLND, PA",1,1.0,3.0,3.0,100.0
"MONROE, MI",1,1.0,3.0,3.0,100.0
"NORTHWEST ARTIC BOROUGH, AK",1,,,,
"MOORE, NC",1,1.0,4.0,4.0,100.0
"NORTON, KS",1,,,,
"WASHINGTON, NE",1,,,,
"NORTON CITY, VA",1,1.0,4.0,4.0,100.0
"WASHINGTON, NC",1,,,,
"NOWATA, OK",1,,,,
"MONROE, IA",1,,,,
"NOXUBEE, MS",1,,,,
"MONROE, GA",1,,,,
"NUCKOLLS, NE",1,,,,
"WASHINGTON, MS",1,1.0,2.0,2.0,100.0
"WASHINGTON, MO",1,,,,
"NYE, NV",1,,,,
"WOOD, WV",1,1.0,2.0,2.0,100.0
"WASHINGTON, UT",1,1.0,4.0,4.0,100.0
"NICOLLET, MN",1,,,,
"WAYNE, PA",1,1.0,4.0,4.0,100.0
"WAYNE, MS",1,1.0,2.0,2.0,100.0
"WINNESHIEK, IA",1,,,,
"WAYNE, IA",1,,,,
"NEW KENT, VA",1,,,,
"WAYNE, IL",1,,,,
"WINN, LA",1,1.0,3.0,3.0,100.0
"WAYNE, KY",1,,,,
"WINKLER, TX",1,,,,
"NICHOLAS, WV",1,1.0,2.0,2.0,100.0
"WAYNE, NE",1,,,,
"WAYNE, NY",1,1.0,2.0,2.0,100.0
"MONTGOMERY, IN",1,1.0,3.0,3.0,100.0
"NEOSHO, KS",1,,,,
"NEMAHA, NE",1,,,,
"MONTGOMERY, KS",1,1.0,3.0,3.0,100.0
"WAYNE, GA",1,1.0,3.0,3.0,100.0
"NEWAYGO, MI",1,,,,
"WAUSHARA, WI",1,,,,
"NEWBERRY, SC",1,1.0,4.0,4.0,100.0
"WINONA, MN",1,1.0,3.0,3.0,100.0
"MONTGOMERY, IA",1,,,,
"NEWPORT, RI",1,1.0,5.0,5.0,100.0
"WINSTON, AL",1,1.0,5.0,5.0,100.0
"NEWTON, GA",1,1.0,2.0,2.0,100.0
"WATAUGA, NC",1,1.0,4.0,4.0,100.0
"NEWTON, MO",1,,,,
"MONTEZUMA, CO",1,,,,
"WASHITA, OK",1,,,,
"NEZ PERCE, ID",1,1.0,3.0,3.0,100.0
"WINSTON, MS",1,1.0,,,100.0
"MONTAGUE, TX",1,1.0,2.0,2.0,100.0
"WASHINGTON, VA",1,1.0,2.0,2.0,100.0
"MONROE, KY",1,1.0,3.0,3.0,100.0
"SILVER BOW, MT",1,1.0,3.0,3.0,100.0
"PAGE, VA",1,,,,
"SAN JUAN, WA",1,,,,
"RUTLAND, VT",1,1.0,3.0,3.0,100.0
"SUMTER, AL",1,1.0,,,100.0
"RUTHERFORD, NC",1,1.0,3.0,3.0,100.0
"RUSSELL, VA",1,1.0,3.0,3.0,100.0
"RUSSELL, KY",1,,,,
"RUSSELL, KS",1,,,,
"RUSSELL, AL",1,1.0,5.0,5.0,100.0
"SUMTER, GA",1,1.0,3.0,3.0,100.0
"RUSK, WI",1,,,,
"RUSK, TX",1,1.0,3.0,3.0,100.0
"RUSH, KS",1,,,,
"RUSH, IN",1,,,,
"ROWAN, NC",1,1.0,1.0,1.0,100.0
"SUMTER, SC",1,1.0,2.0,2.0,100.0
"ROWAN, KY",1,1.0,2.0,2.0,100.0
"ROUTT, CO",1,1.0,4.0,4.0,100.0
"ROSS, OH",1,1.0,4.0,4.0,100.0
"ROSEBUD, MT",1,,,,
"ROSEAU, MN",1,,,,
"SABINE, LA",1,1.0,3.0,3.0,100.0
"SABINE, TX",1,,,,
"SAC, IA",1,,,,
"SUFFOLK CITY, VA",1,1.0,4.0,4.0,100.0
"STODDARD, MO",1,1.0,2.0,2.0,100.0
"STOKES, NC",1,,,,
"STONE, AR",1,,,,
"STONE, MS",1,,,,
"STONEWALL, TX",1,,,,
"SAN BENITO, CA",1,1.0,2.0,2.0,100.0
"SAN AUGUSTINE, TX",1,,,,
"SAMPSON, NC",1,1.0,2.0,2.0,100.0
"SULLIVAN, IN",1,,,,
"SAINT CROIX ISLAND, VI",1,1.0,2.0,2.0,100.0
"SULLIVAN, MO",1,,,,
"SULLIVAN, NH",1,,,,
"SUMMERS, WV",1,,,,
"SALEM CITY, VA",1,1.0,3.0,3.0,100.0
"SUMMIT, CO",1,1.0,4.0,4.0,100.0
"SUMMIT, UT",1,1.0,4.0,4.0,100.0
"SAIPAN, MP",1,1.0,,,100.0
"SAINT THOMAS ISLAND, VI",1,1.0,3.0,3.0,100.0
"ROOSEVELT, NM",1,1.0,3.0,3.0,100.0
"ROOKS, KS",1,,,,
"SUSSEX, NJ",1,1.0,3.0,3.0,100.0
"RICHLAND, IL",1,1.0,3.0,3.0,100.0
"TAOS, NM",1,,,,
"TATE, MS",1,1.0,3.0,3.0,100.0
"TATTNALL, GA",1,,,,
"TAYLOR, FL",1,1.0,2.0,2.0,100.0
"TAYLOR, KY",1,1.0,4.0,4.0,100.0
"RICHLAND, WI",1,,,,
"RICHLAND, MT",1,,,,
"TAYLOR, WI",1,,,,
"RICHARDSON, NE",1,,,,
"RINGGOLD, IA",1,,,,
"TAYLOR, WV",1,,,,
"RICE, KS",1,,,,
"RHEA, TN",1,,,,
"REPUBLIC, KS",1,,,,
"RENVILLE, MN",1,,,,
"TEHAMA, CA",1,1.0,3.0,3.0,100.0
"TELLER, CO",1,,,,
"REFUGIO, TX",1,,,,
"TANEY, MO",1,1.0,3.0,3.0,100.0
"RIO ARRIBA, NM",1,1.0,4.0,4.0,100.0
"ROGER MILLS, OK",1,,,,
"ROBESON, NC",1,1.0,2.0,2.0,100.0
"SUTTER, CA",1,1.0,,,100.0
"SUTTON, TX",1,,,,
"ROCKINGHAM, NC",1,1.0,3.0,3.0,100.0
"ROCKDALE, GA",1,1.0,2.0,2.0,100.0
"ROCKCASTLE, KY",1,1.0,4.0,4.0,100.0
"SUWANNEE, FL",1,,,,
"SWEET GRASS, MT",1,,,,
"ROCK, MN",1,,,,
"ROBERTSON, TN",1,1.0,1.0,1.0,100.0
"TALLAHATCHIE, MS",1,,,,
"ROBERTS, SD",1,,,,
"ROANOKE CITY, VA",1,1.0,2.0,2.0,100.0
"ROANE, WV",1,,,,
"ROANE, TN",1,1.0,2.0,2.0,100.0
"RIPLEY, MO",1,1.0,3.0,3.0,100.0
"RIO GRANDE, CO",1,,,,
"SWISHER, TX",1,,,,
"TALBOT, MD",1,1.0,3.0,3.0,100.0
"STILLWATER, MT",1,,,,
"STEVENS, MN",1,,,,
"PALO ALTO, IA",1,,,,
"STEVENS, KS",1,,,,
"SOMERVELL, TX",1,1.0,3.0,3.0,100.0
"SHAWANO, WI",1,,,,
"SPALDING, GA",1,1.0,2.0,2.0,100.0
"SHARKEY, MS",1,1.0,,,100.0
"SEWARD, NE",1,,,,
"SEWARD, KS",1,1.0,2.0,2.0,100.0
"SEVIER, UT",1,1.0,4.0,4.0,100.0
"SEVIER, TN",1,1.0,2.0,2.0,100.0
"SEVIER, AR",1,,,,
"SEQUOYAH, OK",1,1.0,4.0,4.0,100.0
"SPINK, SD",1,,,,
"SPOTSYLVANIA, VA",1,1.0,3.0,3.0,100.0
"SEMINOLE, OK",1,1.0,3.0,3.0,100.0
"ST. BERNARD, LA",1,1.0,2.0,2.0,100.0
"SEMINOLE, GA",1,1.0,4.0,4.0,100.0
"ST. CHARLES, LA",1,1.0,3.0,3.0,100.0
"ST. CLAIR, AL",1,1.0,5.0,5.0,100.0
"ST. CLAIR, MO",1,,,,
"SEDGWICK, CO",1,,,,
"SOMERSET, MD",1,1.0,3.0,3.0,100.0
"SOCORRO, NM",1,,,,
"SHELBY, AL",1,1.0,2.0,2.0,100.0
"SHERIDAN, MT",1,,,,
"SIMPSON, KY",1,,,,
"SIOUX, ND",1,1.0,,,100.0
"SIBLEY, MN",1,,,,
"SHOSHONE, ID",1,,,,
"SHIAWASSEE, MI",1,1.0,3.0,3.0,100.0
"SHERMAN, KS",1,,,,
"SHERIDAN, WY",1,1.0,4.0,4.0,100.0
"SHERIDAN, NE",1,,,,
"SHERIDAN, KS",1,,,,
"SHELBY, IA",1,,,,
"SHENANDOAH, VA",1,,,,
"SHELBY, OH",1,1.0,3.0,3.0,100.0
"SHELBY, KY",1,1.0,3.0,3.0,100.0
"SHELBY, IN",1,1.0,3.0,3.0,100.0
"SHELBY, IL",1,1.0,3.0,3.0,100.0
"SMITH, KS",1,,,,
"SMITH, MS",1,1.0,,,100.0
"SMITH, TN",1,,,,
"ST. FRANCIS, AR",1,1.0,2.0,2.0,100.0
"ST. HELENA, LA",1,,,,
"SCURRY, TX",1,,,,
"STEPHENS, GA",1,1.0,3.0,3.0,100.0
"STANLY, NC",1,1.0,2.0,2.0,100.0
"STANTON, KS",1,,,,
"STARK, ND",1,,,,
"STARKE, IN",1,1.0,3.0,3.0,100.0
"STARR, TX",1,1.0,3.0,3.0,100.0
"STAUNTON CITY, VA",1,,,,
"STE. GENEVIEVE, MO",1,,,,
"STEELE, MN",1,1.0,4.0,4.0,100.0
"SANTA CRUZ, AZ",1,,,,
"SAWYER, WI",1,,,,
"STEPHENS, OK",1,1.0,3.0,3.0,100.0
"STEPHENS, TX",1,1.0,3.0,3.0,100.0
"STEPHENSON, IL",1,1.0,3.0,3.0,100.0
"STEUBEN, IN",1,,,,
"SANDOVAL, NM",1,1.0,3.0,3.0,100.0
"SANDERS, MT",1,,,,
"SAN PATRICIO, TX",1,1.0,3.0,3.0,100.0
"SAN MIGUEL, NM",1,1.0,2.0,2.0,100.0
"SAUNDERS, NE",1,,,,
"SCHLEICHER, TX",1,,,,
"SCREVEN, GA",1,,,,
"MIAMI, OH",1,1.0,2.0,2.0,100.0
"SCOTT BLUFF, NE",1,1.0,1.0,1.0,100.0
"SCOTT, TN",1,1.0,,,100.0
"SCOTT, MO",1,1.0,2.0,2.0,100.0
"ST. JOHN BAPTIST, LA",1,,,,
"ST. JOHNS, FL",1,1.0,2.0,2.0,100.0
"SCOTT, KY",1,1.0,4.0,4.0,100.0
"SCOTT, KS",1,,,,
"SCOTT, IN",1,,,,
"SCOTT, AR",1,,,,
"SCHOHARIE, NY",1,,,,
"SCOTLAND, NC",1,1.0,3.0,3.0,100.0
"SCOTLAND, MO",1,,,,
"ST. MARYS, MD",1,1.0,3.0,3.0,100.0
"STAFFORD, KS",1,,,,
"STAFFORD, VA",1,1.0,3.0,3.0,100.0
"SCHUYLER, NY",1,,,,
"SCHUYLER, IL",1,,,,
"SCHOOLCRAFT, MI",1,,,,
"REEVES, TX",1,,,,
"TERRY, TX",1,1.0,3.0,3.0,100.0
"REDWOOD, MN",1,,,,
"RED WILLOW, NE",1,,,,
"PINE, MN",1,,,,
"UNION, NM",1,,,,
"UNION, OH",1,1.0,4.0,4.0,100.0
"PIKE, OH",1,,,,
"UNION, OR",1,,,,
"PIKE, MO",1,,,,
"UNION, PA",1,1.0,4.0,4.0,100.0
"PIKE, IL",1,,,,
"PIKE, AL",1,1.0,2.0,2.0,100.0
"PIERCE, WI",1,,,,
"UNION, SC",1,1.0,3.0,3.0,100.0
"UNION, SD",1,1.0,5.0,5.0,100.0
"PIERCE, ND",1,,,,
"UPSHUR, WV",1,,,,
"UPSON, GA",1,1.0,2.0,2.0,100.0
"PICKENS, GA",1,1.0,4.0,4.0,100.0
"PICKENS, AL",1,1.0,3.0,3.0,100.0
"PICKAWAY, OH",1,1.0,3.0,3.0,100.0
"PIATT, IL",1,,,,
"UNION, NC",1,1.0,1.0,1.0,100.0
"UNION, MS",1,1.0,5.0,5.0,100.0
"PIPESTONE, MN",1,,,,
"PLATTE, WY",1,,,,
"POINTE COUPEE, LA",1,,,,
"POCAHONTAS, WV",1,,,,
"POCAHONTAS, IA",1,,,,
"TURNER, SD",1,,,,
"TWIN FALLS, ID",1,1.0,5.0,5.0,100.0
"TYLER, TX",1,1.0,2.0,2.0,100.0
"TYLER, WV",1,,,,
"PLYMOUTH, IA",1,,,,
"UINTAH, UT",1,1.0,4.0,4.0,100.0
"UNION, KY",1,,,,
"UNICOI, TN",1,1.0,3.0,3.0,100.0
"PLATTE, MO",1,1.0,4.0,4.0,100.0
"UNION, AR",1,1.0,2.0,2.0,100.0
"UNION, FL",1,,,,
"UNION, GA",1,1.0,4.0,4.0,100.0
"PITT, NC",1,1.0,3.0,3.0,100.0
"PITKIN, CO",1,,,,
"UNION, IA",1,,,,
"PHILLIPS, MT",1,,,,
"PHILLIPS, KS",1,,,,
"PHILLIPS, AR",1,1.0,2.0,2.0,100.0
"PAULDING, OH",1,,,,
"PEMISCOT, MO",1,1.0,3.0,3.0,100.0
"PEMBINA, ND",1,,,,
"VEGA BAJA, PR",1,1.0,,,100.0
"VENANGO, PA",1,1.0,3.0,3.0,100.0
"PEACH, GA",1,,,,
"PAWNEE, OK",1,,,,
"PAWNEE, NE",1,,,,
"VERMILLION, IN",1,,,,
"PAULDING, GA",1,1.0,5.0,5.0,100.0
"PEND OREILLE, WA",1,,,,
"VERNON, MO",1,1.0,3.0,3.0,100.0
"PASQUOTANK, NC",1,1.0,1.0,1.0,100.0
"PARMER, TX",1,,,,
"PARKER, TX",1,1.0,2.0,2.0,100.0
"PARK, MT",1,,,,
"PANOLA, TX",1,1.0,3.0,3.0,100.0
"PANOLA, MS",1,1.0,2.0,2.0,100.0
"PALO PINTO, TX",1,1.0,2.0,2.0,100.0
"VANCE, NC",1,1.0,2.0,2.0,100.0
"VAN ZANDT, TX",1,1.0,,,100.0
"UTUADO, PR",1,1.0,,,100.0
"PERRY, TN",1,1.0,3.0,3.0,100.0
"PHELPS, NE",1,,,,
"SIERRA, NM",1,,,,
"PETTIS, MO",1,1.0,3.0,3.0,100.0
"UVALDE, TX",1,,,,
"PETERSBURG BOROUGH, AK",1,,,,
"VAL VERDE, TX",1,1.0,3.0,3.0,100.0
"PERSON, NC",1,1.0,2.0,2.0,100.0
"PERSHING, NV",1,,,,
"PERRY, MO",1,,,,
"PENDER, NC",1,,,,
"PERRY, KY",1,1.0,2.0,2.0,100.0
"PERRY, IN",1,,,,
"PERKINS, NE",1,,,,
"PEPIN, WI",1,,,,
"VALLEY, MT",1,,,,
"VALLEY, NE",1,,,,
"VAN BUREN, AR",1,,,,
"VAN BUREN, IA",1,,,,
"POLK, AR",1,1.0,2.0,2.0,100.0
"TUOLUMNE, CA",1,1.0,3.0,3.0,100.0
"POLK, GA",1,,,,
"PUTNAM, MO",1,,,,
"RABUN, GA",1,,,,
"THROCKMORTON, TX",1,,,,
"QUITMAN, MS",1,,,,
"THURSTON, NE",1,,,,
"QUAY, NM",1,,,,
"TIFT, GA",1,1.0,3.0,3.0,100.0
"PUTNAM, NY",1,1.0,2.0,2.0,100.0
"TILLAMOOK, OR",1,,,,
"PUTNAM, IN",1,,,,
"THOMAS, GA",1,1.0,3.0,3.0,100.0
"PUTNAM, GA",1,,,,
"TIOGA, PA",1,,,,
"PUTNAM, FL",1,1.0,2.0,2.0,100.0
"PUSHMATAHA, OK",1,1.0,3.0,3.0,100.0
"PULASKI, VA",1,1.0,2.0,2.0,100.0
"PULASKI, KY",1,1.0,1.0,1.0,100.0
"PULASKI, IN",1,,,,
"PULASKI, GA",1,1.0,3.0,3.0,100.0
"THOMAS, KS",1,,,,
"THAYER, NE",1,,,,
"TIPTON, IN",1,,,,
"TETON, WY",1,1.0,5.0,5.0,100.0
"RED RIVER, LA",1,,,,
"REAGAN, TX",1,,,,
"TETON, ID",1,,,,
"RAY, MO",1,,,,
"RAWLINS, KS",1,,,,
"RAVALLI, MT",1,,,,
"TETON, MT",1,,,,
"RANSOM, ND",1,,,,
"RANDOLPH, WV",1,1.0,2.0,2.0,100.0
"RAMSEY, ND",1,,,,
"TEXAS, MO",1,1.0,3.0,3.0,100.0
"RANDOLPH, NC",1,1.0,3.0,3.0,100.0
"RANDOLPH, MO",1,1.0,3.0,3.0,100.0
"RANDOLPH, IN",1,,,,
"TEXAS, OK",1,,,,
"RANDOLPH, GA",1,,,,
"RANDOLPH, AR",1,1.0,3.0,3.0,100.0
"RANDOLPH, AL",1,1.0,3.0,3.0,100.0
"TIPPAH, MS",1,,,,
"TIPTON, TN",1,1.0,3.0,3.0,100.0
"TROUSDALE, TN",1,,,,
"PONDERA, MT",1,,,,
"TRANSYLVANIA, NC",1,,,,
"PORTAGE, WI",1,1.0,5.0,5.0,100.0
"TRAVERSE, MN",1,,,,
"TREGO, KS",1,,,,
"PORTAGE, OH",1,1.0,2.0,2.0,100.0
"POPE, MN",1,,,,
"POPE, AR",1,1.0,2.0,2.0,100.0
"PONTOTOC, MS",1,,,,
"TRIGG, KY",1,,,,
"TOWNS, GA",1,,,,
"TRINITY, CA",1,,,,
"TRIPP, SD",1,,,,
"POLK, TX",1,1.0,3.0,3.0,100.0
"POLK, OR",1,,,,
"POLK, NE",1,,,,
"POLK, NC",1,,,,
"POLK, MO",1,1.0,2.0,2.0,100.0
"TROUP, GA",1,1.0,4.0,4.0,100.0
"PORTSMOUTH CITY, VA",1,1.0,1.0,1.0,100.0
"POTTAWATOMIE, OK",1,1.0,2.0,2.0,100.0
"TISHOMINGO, MS",1,1.0,3.0,3.0,100.0
"PRAIRIE, MT",1,,,,
"PROWERS, CO",1,,,,
"TITUS, TX",1,1.0,3.0,3.0,100.0
"PRINCE EDWARD, VA",1,1.0,5.0,5.0,100.0
"PRICE, WI",1,,,,
"PRESTON, WV",1,,,,
"PRENTISS, MS",1,1.0,3.0,3.0,100.0
"TODD, SD",1,1.0,,,100.0
"PRATT, KS",1,1.0,4.0,4.0,100.0
"TOMPKINS, NY",1,1.0,2.0,2.0,100.0
"TOWNER, ND",1,,,,
"POWESHIEK, IA",1,1.0,4.0,4.0,100.0
"TOOELE, UT",1,1.0,3.0,3.0,100.0
"POWER, ID",1,,,,
"POWELL, MT",1,,,,
"TOOLE, MT",1,,,,
"TOOMBS, GA",1,1.0,3.0,3.0,100.0
"POTTER, SD",1,,,,
"POTTER, PA",1,,,,
"PHELPS, MO",1,1.0,3.0,3.0,100.0
"ABBEVILLE, SC",1,,,,
"MIAMI, IN",1,,,,
"CRITTENDEN, AR",1,,,,
"CRAWFORD, WI",1,,,,
"CRAWFORD, MI",1,1.0,3.0,3.0,100.0
"CRAWFORD, IL",1,,,,
"CRAWFORD, IA",1,,,,
"CRAWFORD, AR",1,1.0,3.0,3.0,100.0
"CRAVEN, NC",1,1.0,5.0,5.0,100.0
"CRANE, TX",1,,,,
"CRAIG, OK",1,1.0,,,100.0
"COWLITZ, WA",1,1.0,2.0,2.0,100.0
"COVINGTON, MS",1,,,,
"COSHOCTON, OH",1,1.0,3.0,3.0,100.0
"CORYELL, TX",1,,,,
"CORTLAND, NY",1,1.0,3.0,3.0,100.0
"COPIAH, MS",1,,,,
"COOPER, MO",1,1.0,3.0,3.0,100.0
"COOK, MN",1,,,,
"COOK, GA",1,1.0,,,100.0
"CONWAY, AR",1,,,,
"CONVERSE, WY",1,,,,
"CONEJOS, CO",1,,,,
"CONECUH, AL",1,1.0,3.0,3.0,100.0
"CONCORDIA, LA",1,,,,
"CONCHO, TX",1,,,,
"COMANCHE, TX",1,,,,
"COMANCHE, KS",1,,,,
"COMAL, TX",1,1.0,3.0,3.0,100.0
"COLUSA, CA",1,1.0,,,100.0
"CRISP, GA",1,1.0,3.0,3.0,100.0
"CRITTENDEN, KY",1,1.0,3.0,3.0,100.0
"DAWSON, MT",1,,,,
"CROOK, OR",1,,,,
"DAVISON, SD",1,1.0,4.0,4.0,100.0
"DAVIS, IA",1,,,,
"DAVIESS, KY",1,1.0,3.0,3.0,100.0
"DAVIESS, IN",1,1.0,4.0,4.0,100.0
"DAVIE, NC",1,1.0,5.0,5.0,100.0
"DARKE, OH",1,1.0,4.0,4.0,100.0
"DARE, NC",1,,,,
"DANIELS, MT",1,,,,
"DALLAS, IA",1,,,,
"DALLAS, AR",1,,,,
"DALLAS, AL",1,1.0,2.0,2.0,100.0
"DALLAM, TX",1,,,,
"DALE, AL",1,1.0,3.0,3.0,100.0
"CUSTER, SD",1,,,,
"CUSTER, MT",1,,,,
"CURRY, OR",1,,,,
"CURRY, NM",1,1.0,3.0,3.0,100.0
"CUMING, NE",1,,,,
"CUMBERLAND, TN",1,1.0,3.0,3.0,100.0
"CUMBERLAND, NJ",1,1.0,2.0,2.0,100.0
"CUMBERLAND, NC",1,1.0,3.0,3.0,100.0
"CUMBERLAND, KY",1,,,,
"CULPEPER, VA",1,1.0,3.0,3.0,100.0
"CULBERSON, TX",1,,,,
"CROSS, AR",1,,,,
"CROSBY, TX",1,,,,
"CROOK, WY",1,,,,
"COLUMBUS, NC",1,1.0,3.0,3.0,100.0
"COLUMBIA, WA",1,,,,
"COLUMBIA, NY",1,1.0,2.0,2.0,100.0
"COLUMBIA, AR",1,1.0,2.0,2.0,100.0
"CLAY, KY",1,1.0,4.0,4.0,100.0
"CLAY, KS",1,,,,
"CLAY, IN",1,,,,
"CLAY, IL",1,,,,
"CLAY, IA",1,1.0,3.0,3.0,100.0
"CLAY, AR",1,,,,
"CLAY, AL",1,1.0,4.0,4.0,100.0
"CLARKE, MS",1,,,,
"CLARKE, IA",1,,,,
"CLARK, WI",1,,,,
"CLARK, KY",1,1.0,3.0,3.0,100.0
"CLARK, KS",1,,,,
"CLARK, AR",1,,,,
"CLARENDON, SC",1,1.0,3.0,3.0,100.0
"CLARE, MI",1,1.0,4.0,4.0,100.0
"CLAIBORNE, TN",1,1.0,2.0,2.0,100.0
"CLAIBORNE, MS",1,,,,
"CLAIBORNE, LA",1,1.0,3.0,3.0,100.0
"CIMARRON, OK",1,,,,
"CIDRA, PR",1,,,,
"CHURCHILL, NV",1,,,,
"CHOWAN, NC",1,,,,
"CHOCTAW, OK",1,1.0,2.0,2.0,100.0
"CHOCTAW, MS",1,,,,
"CHOCTAW, AL",1,,,,
"CHITTENDEN, VT",1,1.0,3.0,3.0,100.0
"CHISAGO, MN",1,1.0,4.0,4.0,100.0
"CLAY, MS",1,1.0,3.0,3.0,100.0
"CLAY, SD",1,,,,
"CLAY, TN",1,,,,
"COAHOMA, MS",1,1.0,3.0,3.0,100.0
"COLLINGSWORTH, TX",1,,,,
"COLLETON, SC",1,1.0,3.0,3.0,100.0
"COLFAX, NM",1,,,,
"COLFAX, NE",1,,,,
"COLES, IL",1,1.0,3.0,3.0,100.0
"COLEMAN, TX",1,,,,
"COFFEE, GA",1,1.0,2.0,2.0,100.0
"COFFEE, AL",1,1.0,3.0,3.0,100.0
"CODINGTON, SD",1,1.0,3.0,3.0,100.0
"COCKE, TN",1,1.0,3.0,3.0,100.0
"COCHRAN, TX",1,,,,
"COAL, OK",1,,,,
"CLOUD, KS",1,,,,
"CLAY, TX",1,,,,
"CLINTON, OH",1,1.0,2.0,2.0,100.0
"CLINTON, NY",1,1.0,3.0,3.0,100.0
"CLINTON, MO",1,1.0,2.0,2.0,100.0
"CLINTON, MI",1,,,,
"CLINTON, KY",1,1.0,2.0,2.0,100.0
"CLINTON, IN",1,,,,
"CLINTON, IL",1,1.0,4.0,4.0,100.0
"CLINCH, GA",1,,,,
"CLERMONT, OH",1,1.0,4.0,4.0,100.0
"CLEBURNE, AR",1,,,,
"CLEARWATER, MN",1,,,,
"CLEARWATER, ID",1,,,,
"DAWES, NE",1,,,,
"DAWSON, TX",1,1.0,,,100.0
"CHIPPEWA, MI",1,1.0,3.0,3.0,100.0
"FANNIN, TX",1,,,,
"FALLS, TX",1,1.0,4.0,4.0,100.0
"FALLON, MT",1,,,,
"FALL RIVER, SD",1,,,,
"FAIRFIELD, SC",1,,,,
"FAIRFIELD, OH",1,1.0,3.0,3.0,100.0
"FAIRBANKS NORTH STAR, AK",1,1.0,5.0,5.0,100.0
"EVANS, GA",1,1.0,4.0,4.0,100.0
"ESTILL, KY",1,,,,
"ESSEX, VA",1,1.0,3.0,3.0,100.0
"ESSEX, NY",1,,,,
"ERIE, OH",1,1.0,4.0,4.0,100.0
"ERATH, TX",1,1.0,4.0,4.0,100.0
"EMPORIA CITY, VA",1,1.0,3.0,3.0,100.0
"EMMONS, ND",1,,,,
"EMMET, MI",1,1.0,5.0,5.0,100.0
"EMMET, IA",1,,,,
"EMANUEL, GA",1,1.0,4.0,4.0,100.0
"ELMORE, ID",1,,,,
"ELLSWORTH, KS",1,,,,
"ELLIS, OK",1,,,,
"ELLIS, KS",1,1.0,3.0,3.0,100.0
"ELKO, NV",1,1.0,3.0,3.0,100.0
"ELK, PA",1,,,,
"ELBERT, GA",1,1.0,3.0,3.0,100.0
"EFFINGHAM, IL",1,1.0,3.0,3.0,100.0
"EFFINGHAM, GA",1,,,,
"EDWARDS, KS",1,,,,
"FANNIN, GA",1,1.0,2.0,2.0,100.0
"FARIBAULT, MN",1,,,,
"DAY, SD",1,,,,
"FAULK, SD",1,,,,
"FRANKLIN, IN",1,,,,
"FRANKLIN, IL",1,,,,
"FRANKLIN, ID",1,,,,
"FRANKLIN, IA",1,,,,
"FRANKLIN, GA",1,1.0,3.0,3.0,100.0
"FRANKLIN, FL",1,,,,
"FRANKLIN, AR",1,,,,
"FOSTER, ND",1,,,,
"FORSYTH, GA",1,1.0,4.0,4.0,100.0
"FORREST, MS",1,1.0,1.0,1.0,100.0
"FORD, IL",1,,,,
"FLOYD, TX",1,,,,
"FLOYD, IA",1,,,,
"FLEMING, KY",1,1.0,3.0,3.0,100.0
"FLAGLER, FL",1,1.0,3.0,3.0,100.0
"FISHER, TX",1,,,,
"FINNEY, KS",1,1.0,2.0,2.0,100.0
"FILLMORE, NE",1,,,,
"FERRY, WA",1,,,,
"FERGUS, MT",1,,,,
"FENTRESS, TN",1,1.0,4.0,4.0,100.0
"FAYETTE, TX",1,1.0,3.0,3.0,100.0
"FAYETTE, OH",1,,,,
"FAYETTE, IN",1,1.0,4.0,4.0,100.0
"FAYETTE, IL",1,,,,
"FAYETTE, GA",1,1.0,2.0,2.0,100.0
"FAUQUIER, VA",1,1.0,2.0,2.0,100.0
"EDMUNDS, SD",1,,,,
"EDGEFIELD, SC",1,,,,
"EDGECOMBE, NC",1,1.0,3.0,3.0,100.0
"EDGAR, IL",1,,,,
"DICKINSON, MI",1,1.0,4.0,4.0,100.0
"DICKINSON, IA",1,1.0,4.0,4.0,100.0
"DICKEY, ND",1,,,,
"DICKENSON, VA",1,,,,
"DEWEY, SD",1,1.0,,,100.0
"DEWEY, OK",1,,,,
"DEUEL, SD",1,,,,
"DES MOINES, IA",1,1.0,2.0,2.0,100.0
"DENT, MO",1,,,,
"DELTA, MI",1,,,,
"DELTA, CO",1,1.0,4.0,4.0,100.0
"DELAWARE, OK",1,1.0,3.0,3.0,100.0
"DELAWARE, OH",1,1.0,5.0,5.0,100.0
"DELAWARE, IA",1,,,,
"DEL NORTE, CA",1,1.0,3.0,3.0,100.0
"DECATUR, TN",1,1.0,3.0,3.0,100.0
"DECATUR, KS",1,,,,
"DECATUR, IN",1,,,,
"DECATUR, IA",1,,,,
"DECATUR, GA",1,1.0,2.0,2.0,100.0
"DEAF SMITH, TX",1,1.0,3.0,3.0,100.0
"DE WITT, TX",1,1.0,3.0,3.0,100.0
"DE WITT, IL",1,,,,
"DE SOTO, LA",1,1.0,2.0,2.0,100.0
"DE SOTO, FL",1,1.0,3.0,3.0,100.0
"DE KALB, TN",1,1.0,4.0,4.0,100.0
"DE KALB, AL",1,1.0,2.0,2.0,100.0
"DICKSON, TN",1,1.0,3.0,3.0,100.0
"DILLINGHAM, AK",1,,,,
"DILLON, SC",1,1.0,4.0,4.0,100.0
"DUBOIS, IN",1,1.0,5.0,5.0,100.0
"EASTLAND, TX",1,1.0,2.0,2.0,100.0
"EASTERN DISTRICT, AS",1,1.0,,,100.0
"EAST FELICIANA, LA",1,,,,
"EAST CARROLL, LA",1,1.0,4.0,4.0,100.0
"EARLY, GA",1,,,,
"EAGLE, CO",1,1.0,4.0,4.0,100.0
"DYER, TN",1,1.0,1.0,1.0,100.0
"DUPLIN, NC",1,1.0,4.0,4.0,100.0
"DUNN, WI",1,,,,
"DUNDY, NE",1,,,,
"DUKES, MA",1,,,,
"DUCHESNE, UT",1,1.0,3.0,3.0,100.0
"DREW, AR",1,1.0,3.0,3.0,100.0
"DIMMIT, TX",1,,,,
"DOUGLAS, WI",1,,,,
"DOUGLAS, SD",1,,,,
"DOUGLAS, NV",1,,,,
"DOUGLAS, KS",1,1.0,4.0,4.0,100.0
"DOUGLAS, GA",1,1.0,3.0,3.0,100.0
"DOUGHERTY, GA",1,1.0,1.0,1.0,100.0
"DORCHESTER, MD",1,,,,
"DOOR, WI",1,,,,
"DOOLY, GA",1,1.0,,,100.0
"DODGE, NE",1,1.0,4.0,4.0,100.0
"DODGE, GA",1,1.0,3.0,3.0,100.0
"DIVIDE, ND",1,,,,
"CHIPPEWA, MN",1,,,,
"CHILTON, AL",1,1.0,,,100.0
"MERRICK, NE",1,,,,
"BEAVERHEAD, MT",1,,,,
"BEAVER, OK",1,,,,
"BEAUFORT, NC",1,1.0,3.0,3.0,100.0
"BEAR LAKE, ID",1,,,,
"BEADLE, SD",1,,,,
"BAYLOR, TX",1,1.0,4.0,4.0,100.0
"BAY, MI",1,1.0,3.0,3.0,100.0
"BATH, VA",1,,,,
"BATES, MO",1,1.0,3.0,3.0,100.0
"BASTROP, TX",1,1.0,4.0,4.0,100.0
"BARTOW, GA",1,1.0,4.0,4.0,100.0
"BARTON, MO",1,,,,
"BARTHOLOMEW, IN",1,1.0,4.0,4.0,100.0
"BARRY, MI",1,1.0,4.0,4.0,100.0
"BARROW, GA",1,1.0,3.0,3.0,100.0
"BARREN, KY",1,1.0,2.0,2.0,100.0
"BARNES, ND",1,,,,
"BARBOUR, WV",1,,,,
"BARBOUR, AL",1,1.0,3.0,3.0,100.0
"BARAGA, MI",1,,,,
"BANNOCK, ID",1,1.0,4.0,4.0,100.0
"BALDWIN, GA",1,1.0,3.0,3.0,100.0
"BAKER, OR",1,,,,
"BAKER, FL",1,1.0,3.0,3.0,100.0
"BAILEY, TX",1,,,,
"BACON, GA",1,,,,
"BACA, CO",1,,,,
"AVERY, NC",1,,,,
"BEAVER, PA",1,1.0,3.0,3.0,100.0
"BECKER, MN",1,1.0,4.0,4.0,100.0
"BOLIVAR, MS",1,1.0,2.0,2.0,100.0
"BECKHAM, OK",1,1.0,3.0,3.0,100.0
"BLOUNT, TN",1,1.0,2.0,2.0,100.0
"BLOUNT, AL",1,,,,
"BLEDSOE, TN",1,,,,
"BLECKLEY, GA",1,,,,
"BLAINE, MT",1,,,,
"BLAINE, ID",1,,,,
"BLADEN, NC",1,,,,
"BLACKFORD, IN",1,,,,
"BIENVILLE, LA",1,,,,
"BIBB, AL",1,1.0,,,100.0
"BETHEL, AK",1,1.0,3.0,3.0,100.0
"BERTIE, NC",1,,,,
"BERRIEN, GA",1,1.0,,,100.0
"BERKELEY, WV",1,1.0,3.0,3.0,100.0
"BENZIE, MI",1,,,,
"BENTON, TN",1,,,,
"BENTON, OR",1,1.0,4.0,4.0,100.0
"BENTON, IA",1,,,,
"BENNINGTON, VT",1,1.0,4.0,4.0,100.0
"BENNETT, SD",1,,,,
"BENEWAH, ID",1,,,,
"BEN HILL, GA",1,1.0,3.0,3.0,100.0
"BELKNAP, NH",1,1.0,3.0,3.0,100.0
"BEE, TX",1,1.0,2.0,2.0,100.0
"BEDFORD, VA",1,1.0,3.0,3.0,100.0
"BEDFORD, TN",1,1.0,3.0,3.0,100.0
"BEDFORD, PA",1,1.0,3.0,3.0,100.0
"AUTAUGA, AL",1,1.0,3.0,3.0,100.0
"AUSTIN, TX",1,1.0,,,100.0
"AUGUSTA, VA",1,1.0,4.0,4.0,100.0
"AUGLAIZE, OH",1,1.0,4.0,4.0,100.0
"ALLEGAN, MI",1,,,,
"ALLAMAKEE, IA",1,,,,
"ALGER, MI",1,,,,
"ALEXANDRIA CITY, VA",1,1.0,4.0,4.0,100.0
"ALCORN, MS",1,1.0,2.0,2.0,100.0
"ALBEMARLE, VA",1,1.0,4.0,4.0,100.0
"ALBANY, WY",1,1.0,3.0,3.0,100.0
"ALAMOSA, CO",1,1.0,3.0,3.0,100.0
"ALAMANCE, NC",1,1.0,1.0,1.0,100.0
"AITKIN, MN",1,,,,
"AIKEN, SC",1,1.0,2.0,2.0,100.0
"AGUADILLA, PR",1,1.0,,,100.0
"ADDISON, VT",1,,,,
"ADAMS, WI",1,,,,
"ADAMS, PA",1,1.0,4.0,4.0,100.0
"ADAMS, OH",1,,,,
"ADAMS, NE",1,1.0,3.0,3.0,100.0
"ADAMS, ND",1,,,,
"ADAMS, MS",1,1.0,2.0,2.0,100.0
"ADAMS, IN",1,,,,
"ADAMS, IL",1,1.0,3.0,3.0,100.0
"ADAMS, IA",1,,,,
"ADAIR, OK",1,1.0,5.0,5.0,100.0
"ADAIR, MO",1,1.0,4.0,4.0,100.0
"ADAIR, KY",1,1.0,3.0,3.0,100.0
"ADAIR, IA",1,,,,
"ACCOMACK, VA",1,1.0,4.0,4.0,100.0
"ALLEGHANY, NC",1,,,,
"ALLEGHANY, VA",1,1.0,3.0,3.0,100.0
"ALLEN, KS",1,,,,
"ASHE, NC",1,,,,
"AUDUBON, IA",1,,,,
"AUDRAIN, MO",1,1.0,3.0,3.0,100.0
"ATTALA, MS",1,,,,
"ATOKA, OK",1,,,,
"ATCHISON, MO",1,,,,
"ATCHISON, KS",1,,,,
"ATASCOSA, TX",1,1.0,4.0,4.0,100.0
"ASSUMPTION, LA",1,,,,
"ASOTIN, WA",1,,,,
"ASHLEY, AR",1,,,,
"ASHLAND, WI",1,,,,
"ASHLAND, OH",1,1.0,4.0,4.0,100.0
"ARMSTRONG, PA",1,1.0,2.0,2.0,100.0
"ALLEN, KY",1,,,,
"ARENAC, MI",1,,,,
"ARCHULETA, CO",1,,,,
"APPLING, GA",1,1.0,4.0,4.0,100.0
"APPANOOSE, IA",1,,,,
"ANTELOPE, NE",1,,,,
"ANSON, NC",1,1.0,,,100.0
"ANDREWS, TX",1,1.0,4.0,4.0,100.0
"ANDERSON, TX",1,1.0,2.0,2.0,100.0
"ANDERSON, KS",1,,,,
"AMADOR, CA",1,1.0,4.0,4.0,100.0
"ALPENA, MI",1,1.0,3.0,3.0,100.0
"ALLENDALE, SC",1,,,,
"BLUE EARTH, MN",1,1.0,4.0,4.0,100.0
"BOND, IL",1,1.0,3.0,3.0,100.0
"CHILDRESS, TX",1,1.0,4.0,4.0,100.0
"CAYEY, PR",1,1.0,,,100.0
"CATTARAUGUS, NY",1,1.0,3.0,3.0,100.0
"CATOOSA, GA",1,1.0,,,100.0
"CASTRO, TX",1,,,,
"CASSIA, ID",1,,,,
"CASS, MN",1,,,,
"CASS, MI",1,,,,
"CASS, IA",1,,,,
"CASEY, KY",1,,,,
"CARVER, MN",1,1.0,3.0,3.0,100.0
"CARTERET, NC",1,1.0,4.0,4.0,100.0
"CARTER, TN",1,1.0,3.0,3.0,100.0
"CARTER, MT",1,,,,
"CARSON CITY, NV",1,1.0,4.0,4.0,100.0
"CARROLL, TN",1,1.0,4.0,4.0,100.0
"CARROLL, MO",1,,,,
"CARROLL, KY",1,,,,
"CAROLINA, PR",1,1.0,,,100.0
"CARIBOU, ID",1,,,,
"CARBON, WY",1,,,,
"CARBON, UT",1,1.0,4.0,4.0,100.0
"CARBON, MT",1,,,,
"CAPE MAY, NJ",1,1.0,3.0,3.0,100.0
"CANNON, TN",1,1.0,4.0,4.0,100.0
"CANDLER, GA",1,,,,
"CAMPBELL, WY",1,1.0,4.0,4.0,100.0
"CAMPBELL, KY",1,1.0,3.0,3.0,100.0
"CAMP, TX",1,,,,
"CAVALIER, ND",1,,,,
"CAYUGA, NY",1,1.0,1.0,1.0,100.0
"BONNER, ID",1,,,,
"CECIL, MD",1,1.0,2.0,2.0,100.0
"CHICOT, AR",1,,,,
"CHICKASAW, MS",1,1.0,,,100.0
"CHICKASAW, IA",1,,,,
"CHEYENNE, NE",1,,,,
"CHEYENNE, KS",1,,,,
"CHEYENNE, CO",1,,,,
"CHESTERFIELD, SC",1,1.0,2.0,2.0,100.0
"CHESTER, SC",1,1.0,3.0,3.0,100.0
"CHESHIRE, NH",1,1.0,3.0,3.0,100.0
"CHESAPEAKE CITY, VA",1,1.0,3.0,3.0,100.0
"CHERRY, NE",1,,,,
"CHEROKEE, SC",1,1.0,2.0,2.0,100.0
"CHEROKEE, NC",1,,,,
"CHEROKEE, GA",1,1.0,2.0,2.0,100.0
"CHEROKEE, AL",1,1.0,4.0,4.0,100.0
"CHENANGO, NY",1,1.0,3.0,3.0,100.0
"CHEATHAM, TN",1,,,,
"CHAUTAUQUA, KS",1,,,,
"CHATHAM, NC",1,,,,
"CHASE, NE",1,,,,
"CHARLOTTESVILLE CITY, VA",1,1.0,2.0,2.0,100.0
"CHARLEVOIX, MI",1,,,,
"CHARLES, MD",1,1.0,3.0,3.0,100.0
"CHAMPAIGN, OH",1,,,,
"CHAFFEE, CO",1,,,,
"CERRO GORDO, IA",1,1.0,4.0,4.0,100.0
"CEDAR, MO",1,,,,
"CAMERON, LA",1,1.0,,,100.0
"CAMDEN, GA",1,1.0,3.0,3.0,100.0
"CALVERT, MD",1,1.0,4.0,4.0,100.0
"CALUMET, WI",1,,,,
"BROOKS, GA",1,,,,
"BROOKINGS, SD",1,1.0,4.0,4.0,100.0
"BROADWATER, MT",1,,,,
"BREWSTER, TX",1,,,,
"BRECKINRIDGE, KY",1,,,,
"BREATHITT, KY",1,1.0,2.0,2.0,100.0
"BRAXTON, WV",1,,,,
"BRANCH, MI",1,1.0,3.0,3.0,100.0
"BRADLEY, TN",1,1.0,1.0,1.0,100.0
"BRADLEY, AR",1,,,,
"BRADFORD, FL",1,,,,
"BOYLE, KY",1,1.0,3.0,3.0,100.0
"BOYD, NE",1,,,,
"BOX BUTTE, NE",1,,,,
"BOWMAN, ND",1,,,,
"BOURBON, KY",1,1.0,3.0,3.0,100.0
"BOURBON, KS",1,1.0,3.0,3.0,100.0
"BOUNDARY, ID",1,,,,
"BOTTINEAU, ND",1,,,,
"BOSSIER, LA",1,,,,
"BOSQUE, TX",1,,,,
"BOONE, WV",1,,,,
"BOONE, NE",1,,,,
"BOONE, KY",1,1.0,3.0,3.0,100.0
"BOONE, IN",1,1.0,4.0,4.0,100.0
"BOONE, IA",1,,,,
"BOONE, AR",1,1.0,3.0,3.0,100.0
"BROOMFIELD, CO",1,1.0,3.0,3.0,100.0
"BROWN, NE",1,,,,
"BROWN, TX",1,1.0,1.0,1.0,100.0
"CABARRUS, NC",1,1.0,2.0,2.0,100.0
"CALLOWAY, KY",1,1.0,2.0,2.0,100.0
"CALHOUN, WV",1,,,,
"CALHOUN, TX",1,,,,
"CALHOUN, MS",1,,,,
"CALHOUN, IA",1,,,,
"CALHOUN, FL",1,,,,
"CALEDONIA, VT",1,,,,
"CALDWELL, TX",1,,,,
"CALDWELL, NC",1,1.0,2.0,2.0,100.0
"CALDWELL, KY",1,,,,
"CALAVERAS, CA",1,,,,
"CABO ROJO, PR",1,,,,
"BUTTS, GA",1,,,,
"BRULE, SD",1,,,,
"BUTTE, ID",1,,,,
"BUTLER, PA",1,1.0,4.0,4.0,100.0
"BUTLER, NE",1,,,,
"BURT, NE",1,,,,
"BURNETT, WI",1,,,,
"BURLESON, TX",1,,,,
"BURKE, GA",1,1.0,,,100.0
"BULLOCK, AL",1,1.0,,,100.0
"BULLOCH, GA",1,1.0,2.0,2.0,100.0
"BUENA VISTA, IA",1,,,,
"BUCHANAN, VA",1,1.0,4.0,4.0,100.0
"BRYAN, OK",1,1.0,2.0,2.0,100.0
"FRANKLIN, KS",1,1.0,4.0,4.0,100.0
"FRANKLIN, KY",1,1.0,2.0,2.0,100.0
"FRANKLIN, LA",1,1.0,3.0,3.0,100.0
"LANDER, NV",1,,,,
"LAMPASAS, TX",1,,,,
"LAMOILLE, VT",1,,,,
"LAMB, TX",1,1.0,,,100.0
"LAMAR, TX",1,1.0,2.0,2.0,100.0
"LAKE OF  WOODS, MN",1,,,,
"LAKE, SD",1,,,,
"LAKE, OR",1,,,,
"LAKE, CO",1,,,,
"LAGRANGE, IN",1,,,,
"LAFAYETTE, WI",1,,,,
"LAFAYETTE, MS",1,1.0,2.0,2.0,100.0
"LAFAYETTE, MO",1,,,,
"LACLEDE, MO",1,1.0,3.0,3.0,100.0
"KOSSUTH, IA",1,,,,
"KOOCHICHING, MN",1,,,,
"KODIAK ISLAND BOROUGH, AK",1,,,,
"KNOX, TX",1,1.0,,,100.0
"KNOX, OH",1,1.0,2.0,2.0,100.0
"KNOX, NE",1,,,,
"KNOX, ME",1,1.0,3.0,3.0,100.0
"KNOX, KY",1,,,,
"KNOX, IN",1,1.0,4.0,4.0,100.0
"KLEBERG, TX",1,1.0,2.0,2.0,100.0
"KLAMATH, OR",1,1.0,3.0,3.0,100.0
"KITTSON, MN",1,,,,
"KITTITAS, WA",1,,,,
"KITSAP, WA",1,1.0,3.0,3.0,100.0
"LANCASTER, VA",1,,,,
"LANE, KS",1,,,,
"LENOIR, NC",1,1.0,1.0,1.0,100.0
"LANGLADE, WI",1,,,,
"LEFLORE, MS",1,1.0,2.0,2.0,100.0
"LEE, NC",1,1.0,2.0,2.0,100.0
"LEE, IL",1,1.0,4.0,4.0,100.0
"LEE, AL",1,1.0,4.0,4.0,100.0
"LEAKE, MS",1,,,,
"LE SUEUR, MN",1,,,,
"LE FLORE, OK",1,,,,
"LAWRENCE, TN",1,1.0,4.0,4.0,100.0
"LAWRENCE, OH",1,1.0,,,100.0
"LAWRENCE, MS",1,,,,
"LAWRENCE, MO",1,,,,
"LAWRENCE, KY",1,1.0,3.0,3.0,100.0
"LAWRENCE, IL",1,,,,
"LAWRENCE, AR",1,,,,
"LAWRENCE, AL",1,1.0,4.0,4.0,100.0
"LAURENS, SC",1,1.0,4.0,4.0,100.0
"LAURENS, GA",1,1.0,4.0,4.0,100.0
"LAUREL, KY",1,1.0,4.0,4.0,100.0
"LAUDERDALE, TN",1,,,,
"LAUDERDALE, AL",1,1.0,3.0,3.0,100.0
"LATAH, ID",1,,,,
"LASSEN, CA",1,,,,
"LAS ANIMAS, CO",1,,,,
"LARES, PR",1,1.0,,,100.0
"LARAMIE, WY",1,1.0,3.0,3.0,100.0
"LAPEER, MI",1,1.0,3.0,3.0,100.0
"LANIER, GA",1,,,,
"KIT CARSON, CO",1,,,,
"KIOWA, OK",1,1.0,3.0,3.0,100.0
"KIOWA, KS",1,,,,
"KIOWA, CO",1,,,,
"JOHNSON, NE",1,,,,
"JOHNSON, MO",1,1.0,3.0,3.0,100.0
"JOHNSON, KY",1,1.0,3.0,3.0,100.0
"JOHNSON, AR",1,1.0,2.0,2.0,100.0
"JO DAVIESS, IL",1,,,,
"JIM WELLS, TX",1,1.0,3.0,3.0,100.0
"JEWELL, KS",1,,,,
"JERSEY, IL",1,1.0,4.0,4.0,100.0
"JEROME, ID",1,,,,
"JERAULD, SD",1,,,,
"JENNINGS, IN",1,,,,
"JENKINS, GA",1,,,,
"JEFFERSON DAVIS, MS",1,,,,
"JEFFERSON, WV",1,,,,
"JEFFERSON, WI",1,1.0,5.0,5.0,100.0
"JEFFERSON, WA",1,,,,
"JEFFERSON, TN",1,1.0,3.0,3.0,100.0
"JEFFERSON, OR",1,,,,
"JEFFERSON, OK",1,,,,
"JEFFERSON, OH",1,1.0,3.0,3.0,100.0
"JEFFERSON, NE",1,,,,
"JEFFERSON, MS",1,1.0,,,100.0
"JEFFERSON, KS",1,,,,
"JEFFERSON, IA",1,,,,
"JEFFERSON, GA",1,1.0,3.0,3.0,100.0
"JEFFERSON, AR",1,1.0,1.0,1.0,100.0
"JEFF DAVIS, GA",1,,,,
"JOHNSON, TN",1,,,,
"JOHNSON, WY",1,,,,
"JOHNSTON, NC",1,1.0,4.0,4.0,100.0
"KEMPER, MS",1,,,,
"KINGSBURY, SD",1,,,,
"KINGS, CA",1,1.0,2.0,2.0,100.0
"KINGMAN, KS",1,,,,
"KINGFISHER, OK",1,,,,
"KIMBLE, TX",1,,,,
"KIMBALL, NE",1,,,,
"KETCHIKAN GATEWAY, AK",1,,,,
"KERSHAW, SC",1,1.0,4.0,4.0,100.0
"KEOKUK, IA",1,,,,
"KENTON, KY",1,1.0,4.0,4.0,100.0
"KENT, RI",1,1.0,2.0,2.0,100.0
"KENT, MD",1,1.0,3.0,3.0,100.0
"KEITH, NE",1,,,,
"JOHNSTON, OK",1,,,,
"KEARNY, KS",1,,,,
"KEARNEY, NE",1,,,,
"KARNES, TX",1,,,,
"KANE, UT",1,,,,
"KANABEC, MN",1,,,,
"KALKASKA, MI",1,,,,
"JUNEAU, WI",1,1.0,3.0,3.0,100.0
"JUNEAU, AK",1,1.0,4.0,4.0,100.0
"JUAB, UT",1,,,,
"JOSEPHINE, OR",1,1.0,5.0,5.0,100.0
"JONES, MS",1,1.0,3.0,3.0,100.0
"JONES, IA",1,,,,
"LEMHI, ID",1,,,,
"LESLIE, KY",1,,,,
"FRANKLIN, MA",1,1.0,4.0,4.0,100.0
"MASON, MI",1,1.0,3.0,3.0,100.0
"MASON, IL",1,,,,
"MARTIN, TX",1,,,,
"MARTIN, NC",1,1.0,2.0,2.0,100.0
"MARTIN, MN",1,1.0,3.0,3.0,100.0
"MARSHALL, WV",1,1.0,2.0,2.0,100.0
"MARSHALL, TN",1,,,,
"MARSHALL, SD",1,,,,
"MARSHALL, OK",1,,,,
"MARSHALL, MS",1,1.0,2.0,2.0,100.0
"MARSHALL, MN",1,,,,
"MARSHALL, KY",1,,,,
"MARSHALL, KS",1,,,,
"MARSHALL, IA",1,1.0,3.0,3.0,100.0
"MARSHALL, AL",1,1.0,1.0,1.0,100.0
"MARIPOSA, CA",1,,,,
"MARION, WV",1,1.0,2.0,2.0,100.0
"MARION, SC",1,1.0,2.0,2.0,100.0
"MARION, OH",1,1.0,2.0,2.0,100.0
"MARION, MS",1,1.0,3.0,3.0,100.0
"MARION, MO",1,1.0,3.0,3.0,100.0
"MARION, KY",1,1.0,3.0,3.0,100.0
"MARION, AL",1,1.0,5.0,5.0,100.0
"MARINETTE, WI",1,1.0,3.0,3.0,100.0
"MARENGO, AL",1,1.0,3.0,3.0,100.0
"MANISTEE, MI",1,1.0,4.0,4.0,100.0
"MANASSAS CITY, VA",1,1.0,2.0,2.0,100.0
"MALHEUR, OR",1,1.0,4.0,4.0,100.0
"MASON, KY",1,1.0,3.0,3.0,100.0
"MASON, WA",1,,,,
"LETCHER, KY",1,1.0,3.0,3.0,100.0
"MASON, WV",1,1.0,3.0,3.0,100.0
"MERIWETHER, GA",1,,,,
"MERCER, OH",1,1.0,4.0,4.0,100.0
"MERCER, ND",1,,,,
"MERCER, KY",1,,,,
"MERCER, IL",1,,,,
"MEEKER, MN",1,,,,
"MEDINA, TX",1,,,,
"MECOSTA, MI",1,1.0,4.0,4.0,100.0
"MECKLENBURG, VA",1,1.0,3.0,3.0,100.0
"MEAGHER, MT",1,,,,
"MEADE, SD",1,,,,
"MEADE, KS",1,,,,
"MCKENZIE, ND",1,,,,
"MCCONE, MT",1,,,,
"MCCLAIN, OK",1,1.0,3.0,3.0,100.0
"MC PHERSON, SD",1,,,,
"MC MINN, TN",1,1.0,2.0,2.0,100.0
"MC KEAN, PA",1,1.0,3.0,3.0,100.0
"MC DUFFIE, GA",1,1.0,3.0,3.0,100.0
"MC DOWELL, WV",1,1.0,4.0,4.0,100.0
"MC DOWELL, NC",1,1.0,3.0,3.0,100.0
"MC DONOUGH, IL",1,1.0,2.0,2.0,100.0
"MC CULLOCH, TX",1,,,,
"MAYES, OK",1,1.0,4.0,4.0,100.0
"MAVERICK, TX",1,1.0,4.0,4.0,100.0
"MATANUSKA-SUSITNA, AK",1,1.0,3.0,3.0,100.0
"MASSAC, IL",1,,,,
"MAJOR, OK",1,,,,
"MAHNOMEN, MN",1,,,,
"MAHASKA, IA",1,,,,
"MADISON, TX",1,,,,
"LOGAN, CO",1,1.0,4.0,4.0,100.0
"LLANO, TX",1,1.0,3.0,3.0,100.0
"LIVINGSTON, NY",1,1.0,2.0,2.0,100.0
"LIVINGSTON, MO",1,,,,
"LIVINGSTON, KY",1,,,,
"LIVINGSTON, IL",1,1.0,4.0,4.0,100.0
"LITTLE RIVER, AR",1,,,,
"LINN, MO",1,,,,
"LINCOLN, TN",1,1.0,4.0,4.0,100.0
"LINCOLN, NV",1,,,,
"LINCOLN, NM",1,,,,
"LINCOLN, NE",1,1.0,3.0,3.0,100.0
"LINCOLN, NC",1,1.0,4.0,4.0,100.0
"LINCOLN, MT",1,,,,
"LINCOLN, MS",1,1.0,2.0,2.0,100.0
"LINCOLN, MO",1,,,,
"LINCOLN, ME",1,,,,
"LINCOLN, KY",1,,,,
"LINCOLN, KS",1,,,,
"LINCOLN, CO",1,,,,
"LIMESTONE, AL",1,1.0,4.0,4.0,100.0
"LICKING, OH",1,1.0,3.0,3.0,100.0
"LIBERTY, MT",1,,,,
"LIBERTY, GA",1,,,,
"LEXINGTON CITY, VA",1,,,,
"LEWIS, NY",1,,,,
"LEVY, FL",1,1.0,,,100.0
"LOGAN, IL",1,,,,
"LOGAN, KS",1,,,,
"LOGAN, KY",1,1.0,4.0,4.0,100.0
"LYON, KS",1,,,,
"MADISON, OH",1,1.0,3.0,3.0,100.0
"MADISON, NE",1,1.0,4.0,4.0,100.0
"MADISON, MS",1,1.0,2.0,2.0,100.0
"MADISON, MO",1,,,,
"MADISON, LA",1,,,,
"MADISON, ID",1,1.0,4.0,4.0,100.0
"MADISON, IA",1,,,,
"MADISON, FL",1,,,,
"MACON, TN",1,,,,
"MACON, MO",1,,,,
"MACKINAC, MI",1,,,,
"LYON, NV",1,,,,
"LYON, IA",1,,,,
"LOGAN, OH",1,1.0,3.0,3.0,100.0
"LYNN, TX",1,,,,
"LYNCHBURG CITY, VA",1,1.0,5.0,5.0,100.0
"LUNA, NM",1,,,,
"LUMPKIN, GA",1,1.0,2.0,2.0,100.0
"LUCE, MI",1,,,,
"LUCAS, IA",1,,,,
"LOWNDES, MS",1,1.0,2.0,2.0,100.0
"LOVE, OK",1,,,,
"LOUDON, TN",1,1.0,3.0,3.0,100.0
"LOS ALAMOS, NM",1,1.0,3.0,3.0,100.0
"LOGAN, WV",1,1.0,4.0,4.0,100.0
"LOGAN, OK",1,,,,
"JAY, IN",1,,,,
"JASPER, TX",1,1.0,2.0,2.0,100.0
"JASPER, SC",1,1.0,3.0,3.0,100.0
"GREENE, PA",1,1.0,3.0,3.0,100.0
"GREENE, IL",1,,,,
"GREENE, IA",1,,,,
"GREENE, GA",1,,,,
"GREENE, AR",1,1.0,2.0,2.0,100.0
"GREENE, AL",1,1.0,3.0,3.0,100.0
"GREENBRIER, WV",1,1.0,4.0,4.0,100.0
"GREEN LAKE, WI",1,,,,
"GREEN, WI",1,1.0,5.0,5.0,100.0
"GREEN, KY",1,,,,
"GREELEY, KS",1,,,,
"GRAYSON, KY",1,1.0,4.0,4.0,100.0
"GRAY, TX",1,1.0,4.0,4.0,100.0
"GRAVES, KY",1,1.0,4.0,4.0,100.0
"GRATIOT, MI",1,1.0,3.0,3.0,100.0
"GRANT, WV",1,,,,
"GRANT, SD",1,,,,
"GRANT, OR",1,,,,
"GRANT, NM",1,1.0,3.0,3.0,100.0
"GRANT, ND",1,,,,
"GRANT, MN",1,,,,
"GRANT, KY",1,,,,
"GRANT, KS",1,1.0,,,100.0
"GRANITE, MT",1,,,,
"GRAND TRAVERSE, MI",1,1.0,4.0,4.0,100.0
"GRAND, UT",1,,,,
"GRAND, CO",1,,,,
"GRAHAM, KS",1,,,,
"GREENE, IN",1,,,,
"GREENWOOD, KS",1,,,,
"JASPER, MS",1,1.0,,,100.0
"GREENWOOD, SC",1,1.0,4.0,4.0,100.0
"HAMPTON, SC",1,1.0,2.0,2.0,100.0
"HAMPSHIRE, WV",1,,,,
"HAMPSHIRE, MA",1,1.0,3.0,3.0,100.0
"HAMILTON, NE",1,,,,
"HAMILTON, KS",1,,,,
"HAMILTON, IL",1,,,,
"HAMILTON, IA",1,,,,
"HALL, NE",1,1.0,3.0,3.0,100.0
"HALL, GA",1,1.0,3.0,3.0,100.0
"HALIFAX, VA",1,1.0,2.0,2.0,100.0
"HALE, AL",1,1.0,3.0,3.0,100.0
"HABERSHAM, GA",1,1.0,2.0,2.0,100.0
"HAAKON, SD",1,,,,
"GUTHRIE, IA",1,,,,
"GUNNISON, CO",1,,,,
"GULF, FL",1,1.0,5.0,5.0,100.0
"GUAYNABO, PR",1,1.0,,,100.0
"GUAYANILLA, PR",1,1.0,,,100.0
"GUADALUPE, TX",1,1.0,2.0,2.0,100.0
"GUADALUPE, NM",1,1.0,,,100.0
"GRUNDY, MO",1,,,,
"GRUNDY, IL",1,1.0,3.0,3.0,100.0
"GRUNDY, IA",1,,,,
"GRIMES, TX",1,,,,
"GRIGGS, ND",1,,,,
"GRENADA, MS",1,1.0,2.0,2.0,100.0
"GREER, OK",1,,,,
"GRAHAM, AZ",1,1.0,4.0,4.0,100.0
"GRADY, OK",1,1.0,4.0,4.0,100.0
"GRADY, GA",1,1.0,3.0,3.0,100.0
"GOVE, KS",1,,,,
"GALAX CITY, VA",1,1.0,3.0,3.0,100.0
"GAINES, TX",1,,,,
"GAGE, NE",1,,,,
"GADSDEN, FL",1,1.0,,,100.0
"FURNAS, NE",1,,,,
"FULTON, PA",1,,,,
"FULTON, OH",1,,,,
"FULTON, NY",1,1.0,4.0,4.0,100.0
"FULTON, IN",1,,,,
"FULTON, IL",1,1.0,3.0,3.0,100.0
"FULTON, AR",1,,,,
"FRIO, TX",1,,,,
"FREMONT, WY",1,1.0,2.0,2.0,100.0
"FREMONT, IA",1,,,,
"FREMONT, CO",1,,,,
"FREESTONE, TX",1,1.0,4.0,4.0,100.0
"FREEBORN, MN",1,1.0,5.0,5.0,100.0
"FREDERICKSBURG CITY, VA",1,1.0,3.0,3.0,100.0
"FREDERICK, MD",1,1.0,3.0,3.0,100.0
"FRANKLIN CITY, VA",1,1.0,2.0,2.0,100.0
"FRANKLIN, WA",1,,,,
"FRANKLIN, VT",1,1.0,4.0,4.0,100.0
"FRANKLIN, VA",1,1.0,4.0,4.0,100.0
"FRANKLIN, TN",1,1.0,3.0,3.0,100.0
"FRANKLIN, NE",1,,,,
"FRANKLIN, MS",1,,,,
"FRANKLIN, ME",1,1.0,3.0,3.0,100.0
"GALLIA, OH",1,1.0,2.0,2.0,100.0
"GARDEN, NE",1,,,,
"GARFIELD, MT",1,,,,
"GIBSON, TN",1,1.0,4.0,4.0,100.0
"GOSHEN, WY",1,,,,
"GORDON, GA",1,1.0,5.0,5.0,100.0
"GOODING, ID",1,,,,
"GONZALES, TX",1,1.0,4.0,4.0,100.0
"GOGEBIC, MI",1,,,,
"GLOUCESTER, VA",1,1.0,3.0,3.0,100.0
"GLOUCESTER, NJ",1,1.0,2.0,2.0,100.0
"GLENN, CA",1,,,,
"GLADWIN, MI",1,,,,
"GILLESPIE, TX",1,1.0,5.0,5.0,100.0
"GILES, VA",1,,,,
"GILES, TN",1,1.0,4.0,4.0,100.0
"GIBSON, IN",1,,,,
"GARFIELD, UT",1,,,,
"GEORGETOWN, SC",1,1.0,3.0,3.0,100.0
"GEORGE, MS",1,1.0,3.0,3.0,100.0
"GENTRY, MO",1,,,,
"GENEVA, AL",1,1.0,3.0,3.0,100.0
"GENESEE, NY",1,1.0,2.0,2.0,100.0
"GEM, ID",1,,,,
"GEAUGA, OH",1,1.0,4.0,4.0,100.0
"GEARY, KS",1,1.0,3.0,3.0,100.0
"GASTON, NC",1,1.0,2.0,2.0,100.0
"GASCONADE, MO",1,,,,
"GARRETT, MD",1,1.0,4.0,4.0,100.0
"GARFIELD, WA",1,,,,
"HAMPTON CITY, VA",1,1.0,3.0,3.0,100.0
"HANCOCK, IA",1,,,,
"HANCOCK, IL",1,,,,
"HOOD RIVER, OR",1,,,,
"IOSCO, MI",1,1.0,4.0,4.0,100.0
"IONIA, MI",1,,,,
"INDIANA, PA",1,1.0,3.0,3.0,100.0
"INDEPENDENCE, AR",1,1.0,3.0,3.0,100.0
"IDA, IA",1,,,,
"IBERIA, LA",1,1.0,2.0,2.0,100.0
"HUTCHINSON, TX",1,,,,
"HUNTINGTON, IN",1,1.0,4.0,4.0,100.0
"HUNTINGDON, PA",1,1.0,3.0,3.0,100.0
"HUNTERDON, NJ",1,1.0,2.0,2.0,100.0
"HUMPHREYS, TN",1,,,,
"HUMBOLDT, NV",1,,,,
"HUMBOLDT, IA",1,,,,
"HUGHES, SD",1,1.0,4.0,4.0,100.0
"HUGHES, OK",1,,,,
"HUERFANO, CO",1,,,,
"HUBBARD, MN",1,,,,
"HOWARD, NE",1,,,,
"HOWARD, MD",1,1.0,3.0,3.0,100.0
"HOWARD, IA",1,,,,
"HOWARD, AR",1,,,,
"HOUSTON, TX",1,1.0,,,100.0
"HOUSTON, TN",1,,,,
"HOT SPRINGS, WY",1,,,,
"HOT SPRING, AR",1,1.0,4.0,4.0,100.0
"HOPKINS, TX",1,1.0,3.0,3.0,100.0
"HOPKINS, KY",1,1.0,2.0,2.0,100.0
"IOWA, IA",1,,,,
"IOWA, WI",1,,,,
"IRON, MI",1,,,,
"JACKSON, LA",1,,,,
"JASPER, IN",1,,,,
"JASPER, IA",1,1.0,4.0,4.0,100.0
"JASPER, GA",1,,,,
"JACKSON, WV",1,,,,
"JACKSON, WI",1,,,,
"JACKSON, TX",1,,,,
"JACKSON, OK",1,1.0,2.0,2.0,100.0
"JACKSON, OH",1,,,,
"JACKSON, NC",1,1.0,1.0,1.0,100.0
"JACKSON, MS",1,1.0,2.0,2.0,100.0
"JACKSON, MN",1,,,,
"JACKSON, MI",1,1.0,4.0,4.0,100.0
"JACKSON, KS",1,,,,
"IRON, MO",1,,,,
"JACKSON, IN",1,1.0,5.0,5.0,100.0
"JACKSON, IA",1,,,,
"JACKSON, GA",1,1.0,3.0,3.0,100.0
"JACKSON, FL",1,1.0,3.0,3.0,100.0
"JACKSON, AL",1,1.0,1.0,1.0,100.0
"JACK, TX",1,1.0,,,100.0
"ISLAND, WA",1,,,,
"ISANTI, MN",1,1.0,4.0,4.0,100.0
"ISABELLA, MI",1,1.0,3.0,3.0,100.0
"IRWIN, GA",1,1.0,,,100.0
"IROQUOIS, IL",1,1.0,3.0,3.0,100.0
"IRON, UT",1,1.0,4.0,4.0,100.0
"HOPEWELL CITY, VA",1,1.0,2.0,2.0,100.0
"HOOD, TX",1,1.0,4.0,4.0,100.0
"HANCOCK, IN",1,1.0,3.0,3.0,100.0
"HOLMES, OH",1,1.0,4.0,4.0,100.0
"HARRISONBURG CITY, VA",1,1.0,4.0,4.0,100.0
"HARRISON, TX",1,1.0,3.0,3.0,100.0
"HARRISON, OH",1,,,,
"HARRISON, MO",1,,,,
"HARRISON, KY",1,1.0,2.0,2.0,100.0
"HARRISON, IN",1,,,,
"HARRISON, IA",1,,,,
"HARPER, OK",1,,,,
"HARPER, KS",1,,,,
"HARNEY, OR",1,,,,
"HARMON, OK",1,,,,
"HARLAN, NE",1,,,,
"HARLAN, KY",1,1.0,2.0,2.0,100.0
"HARDIN, TN",1,1.0,3.0,3.0,100.0
"HARDIN, OH",1,,,,
"HARDIN, IL",1,,,,
"HARDIN, IA",1,,,,
"HARDEMAN, TN",1,,,,
"HARDEE, FL",1,,,,
"HARALSON, GA",1,,,,
"HANSFORD, TX",1,,,,
"HANOVER, VA",1,1.0,5.0,5.0,100.0
"HAND, SD",1,,,,
"HANCOCK, WV",1,1.0,3.0,3.0,100.0
"HANCOCK, TN",1,,,,
"HANCOCK, OH",1,1.0,4.0,4.0,100.0
"HANCOCK, MS",1,1.0,4.0,4.0,100.0
"HART, KY",1,,,,
"HASKELL, KS",1,,,,
"HASKELL, OK",1,,,,
"HENRY, TN",1,1.0,3.0,3.0,100.0
"HOLMES, MS",1,,,,
"HOLMES, FL",1,,,,
"HOKE, NC",1,1.0,4.0,4.0,100.0
"HODGEMAN, KS",1,,,,
"HOCKLEY, TX",1,1.0,4.0,4.0,100.0
"HOCKING, OH",1,,,,
"HILLSDALE, MI",1,1.0,3.0,3.0,100.0
"HILL, TX",1,1.0,3.0,3.0,100.0
"HILL, MT",1,1.0,3.0,3.0,100.0
"HICKMAN, TN",1,,,,
"HERTFORD, NC",1,1.0,2.0,2.0,100.0
"HERKIMER, NY",1,,,,
"HENRY, OH",1,,,,
"HASKELL, TX",1,,,,
"HENRY, IN",1,1.0,4.0,4.0,100.0
"HENRY, IA",1,,,,
"HENRY, GA",1,1.0,1.0,1.0,100.0
"HENRICO, VA",1,1.0,4.0,4.0,100.0
"HENDRY, FL",1,,,,
"HENDERSON, TX",1,1.0,3.0,3.0,100.0
"HENDERSON, TN",1,1.0,3.0,3.0,100.0
"HENDERSON, KY",1,1.0,2.0,2.0,100.0
"HEMPSTEAD, AR",1,1.0,2.0,2.0,100.0
"HEMPHILL, TX",1,1.0,3.0,3.0,100.0
"HAYWOOD, NC",1,1.0,4.0,4.0,100.0
"HAWKINS, TN",1,1.0,3.0,3.0,100.0
"LAKE, MN",1,,,,
